V1	V2	V3	V4	V5	V6	V7	V8	V9	V10	V11	V12	V13	V14	V15	V16	V17	V18	V19	V20	V21	V22	V23	V24	V25	V26	V27	V28	V29	V30	V31	V32	V33	V34	V35	V36	V37	V38	V39	V40	V41	V42	V43	V44	V45	V46	V47	V48	V49	V50	V51	V52	V53	V54	V55	V56	V57	V58	V59	V60	V61	V62	V63	V64	V65	V66	V67	V68	V69	V70	V71	V72	V73	V74	V75	V76	V77	V78	V79	V80	V81	V82	V83	V84	V85	V86	V87	V88	V89	V90	V91	V92	V93	V94	V95	V96	V97	V98	V99	V100	V101
966-1	5	1	0	2	4	2	8	6	2	1	5	5	5	8	4	3	3	5	4	5	3	4	2	1	5	4	9	5	1	4	3	2	4	5	4	4	2	6	2	2	3	2	3	2	6	6	3	5	4	3	7	8	5	2	1	5	5	3	6	4	5	6	4	6	4	5	5	5	6	5	2	4	7	5	1	2	4	1	4	5	4	5	3	6	8	5	1	7	3	5	3	4	2	2	2	7	9	3	1	5
AAP99	5	4	2	3	6	3	3	3	2	0	3	3	4	3	1	4	2	3	3	5	2	2	2	3	1	4	3	2	2	2	4	2	2	3	2	1	2	2	6	3	1	1	4	3	2	3	3	2	3	4	2	0	3	4	3	8	2	2	3	2	3	3	2	1	3	3	3	3	2	1	4	0	2	3	2	3	3	2	4	2	2	2	3	1	3	3	1	1	2	1	1	1	1	5	4	5	5	1	5	6
AT-s3-44	3	0	2	2	4	1	4	4	1	4	6	3	2	4	3	3	6	2	2	2	1	2	1	3	3	5	3	2	3	3	5	3	0	0	5	3	4	0	4	2	2	1	4	2	5	2	2	4	4	3	4	4	2	1	4	4	2	4	5	2	4	2	4	3	5	5	2	3	3	6	3	1	5	7	3	1	4	4	2	3	3	2	4	5	1	3	2	4	3	3	4	2	2	2	7	2	0	1	3	2
Acidaminobacter	0	1	4	6	2	4	2	4	7	1	4	3	3	5	2	0	3	3	4	5	1	1	3	1	1	4	2	3	5	4	4	0	3	5	2	4	2	2	3	3	4	8	2	4	3	4	5	4	6	2	5	2	6	4	3	4	2	5	1	5	2	4	1	3	1	2	5	5	4	5	2	5	3	4	4	1	5	4	3	5	3	7	4	3	4	5	2	3	4	1	2	4	3	1	4	1	1	3	5	3
Acidovorax	140	119	109	125	118	142	132	137	131	129	106	121	134	142	130	124	118	126	120	105	148	116	126	129	139	134	144	140	137	124	123	132	132	122	126	119	131	117	126	126	121	109	120	117	122	107	133	125	125	139	136	108	123	128	129	121	121	111	138	131	113	144	129	154	145	125	128	125	132	120	123	107	108	135	128	118	102	130	128	93	133	119	154	126	105	119	133	131	130	120	123	149	116	126	112	124	139	115	150	119
Acinetobacter	4	4	9	6	4	10	5	8	10	2	5	4	5	10	5	7	5	8	2	8	3	8	5	3	4	1	0	5	7	2	5	7	3	4	3	8	3	4	8	6	8	6	5	7	5	6	7	10	6	7	3	5	2	4	4	6	3	5	5	5	9	7	3	1	5	5	5	4	3	4	9	4	10	1	4	7	3	7	5	5	6	6	5	5	6	7	4	5	4	4	5	4	3	4	6	4	2	6	0	5
Aeromonas	12	20	19	17	18	20	22	16	20	20	15	16	17	21	15	17	28	14	22	17	15	22	18	15	23	18	22	25	19	20	22	12	15	21	23	26	18	18	16	13	20	10	11	15	25	19	20	27	12	15	17	25	16	17	13	13	18	24	18	20	18	24	21	19	18	23	22	20	16	9	14	22	18	15	10	6	19	26	13	14	18	19	14	20	11	21	19	28	16	18	26	19	13	24	16	22	22	13	20	21
Agathobacter	2	0	7	3	4	2	3	3	4	6	2	5	2	5	4	4	4	4	3	4	2	5	4	7	7	1	8	7	9	3	5	2	6	3	5	3	1	3	7	2	4	6	5	3	3	3	4	6	2	2	4	7	2	5	6	6	6	6	7	1	0	5	8	5	5	5	1	5	1	3	4	5	3	3	2	3	6	6	5	3	6	1	7	1	8	6	3	0	4	7	5	2	5	1	6	3	4	3	2	3
Algoriphagus	6	4	3	7	9	1	7	2	7	8	6	1	3	3	3	6	8	4	5	7	6	4	4	3	4	3	4	3	5	4	5	4	4	5	2	3	4	3	9	6	4	4	4	1	5	5	6	8	6	2	7	4	4	3	5	4	7	5	3	4	4	1	3	2	4	2	6	5	5	5	7	2	5	6	2	7	2	2	5	7	4	6	3	2	4	4	5	6	5	5	3	3	2	6	3	5	8	3	7	2
Alkanibacter	4	9	3	3	2	3	4	2	5	5	4	2	3	2	2	4	4	2	5	6	1	2	0	6	1	4	2	3	1	5	3	2	3	4	0	3	5	4	4	4	3	1	1	4	3	4	2	4	5	3	4	2	1	3	2	3	4	2	2	2	4	2	2	3	4	0	2	1	4	1	6	2	2	5	2	4	5	2	4	2	3	5	3	2	2	5	4	3	4	4	8	0	4	3	4	4	0	1	4	1
Allorhizobium-Neorhizobium-Pararhizobium-Rhizobium	60	69	67	64	81	66	68	63	91	69	71	66	80	77	71	73	67	62	64	62	58	60	80	72	75	70	64	66	61	71	50	86	80	73	85	64	68	64	73	76	66	96	73	84	80	60	72	73	78	82	72	78	68	69	70	68	59	68	69	70	80	70	74	73	74	60	76	64	74	62	65	73	84	75	81	57	54	82	63	62	62	72	63	59	77	91	70	60	69	78	64	71	67	66	69	60	78	78	50	64
Altererythrobacter	44	49	48	46	61	54	34	41	49	53	47	41	51	47	58	43	47	51	46	66	35	58	55	52	52	51	44	41	45	51	57	63	49	35	43	41	37	53	45	59	45	48	39	50	41	56	54	54	54	56	52	44	50	53	54	52	52	47	48	54	46	38	62	38	45	54	56	41	56	48	43	43	47	44	45	52	38	41	48	41	46	47	33	53	37	54	44	38	45	42	52	57	48	51	48	56	49	40	43	47
Amaricoccus	10	13	7	6	7	6	10	4	4	11	7	3	9	11	7	6	8	5	8	3	7	3	6	4	5	10	10	7	8	3	11	6	6	7	6	9	11	9	4	7	8	5	3	3	5	5	5	9	9	4	9	10	9	13	5	5	5	10	7	7	12	4	6	5	13	5	7	6	5	4	11	5	8	10	14	7	6	3	4	5	8	3	10	9	6	6	5	5	10	9	4	8	7	8	5	9	12	8	10	9
Anaerovorax	1	0	2	1	3	2	4	0	1	0	3	2	2	1	1	3	0	0	2	2	2	0	1	1	3	1	2	3	0	2	0	0	3	5	4	2	2	1	2	3	2	2	3	2	3	3	1	1	1	2	1	1	2	0	4	2	1	2	2	1	1	0	0	1	2	1	0	4	3	2	1	3	0	3	4	3	3	3	3	1	2	1	1	1	1	2	0	4	2	2	1	1	0	2	0	4	0	1	1	4
Ancylobacter	27	30	19	31	23	26	27	27	29	19	25	32	24	27	28	29	20	21	24	27	21	16	21	19	16	21	21	26	31	22	14	19	24	28	19	22	29	21	23	26	21	22	17	25	17	36	27	23	30	26	21	25	21	15	24	18	21	18	24	22	24	20	20	20	21	18	22	25	17	23	18	27	21	27	29	18	14	17	25	29	26	16	20	34	22	20	20	17	32	16	20	24	25	22	17	18	21	32	14	22
Aquabacterium	144	146	143	135	133	136	146	126	132	148	132	132	138	141	146	139	113	153	158	138	164	138	138	146	154	146	129	124	141	113	139	157	153	157	147	137	127	138	139	149	152	149	138	140	161	157	122	141	124	148	138	143	139	168	146	151	145	158	149	153	138	128	157	147	164	175	131	123	159	154	157	121	139	124	154	127	137	132	133	146	147	137	138	140	119	142	135	144	160	159	145	138	140	143	146	149	132	146	159	143
Aquicella	4	3	6	5	6	5	4	3	3	6	3	1	3	4	2	8	7	2	1	3	2	1	4	2	2	8	4	7	6	1	4	3	8	3	3	5	5	9	7	2	6	2	4	3	4	6	3	3	2	5	2	1	8	3	1	4	2	4	4	2	1	6	3	4	4	5	5	1	7	0	5	4	5	4	2	8	0	5	4	3	7	3	5	5	6	8	2	1	7	7	3	3	4	8	2	1	7	9	3	2
Aquimonas	3	2	1	3	1	4	3	5	2	4	1	2	2	4	4	5	4	2	3	7	3	3	5	3	1	2	1	5	6	3	2	5	3	4	6	6	4	3	1	2	3	3	2	2	0	2	3	3	3	3	7	1	1	3	3	4	6	3	1	0	3	5	2	3	5	5	5	5	3	2	0	2	2	3	2	3	1	3	3	3	6	3	4	4	2	4	5	2	4	3	4	4	1	4	2	4	2	3	5	2
Arcobacter	187	195	169	183	176	204	205	149	181	173	187	199	186	179	199	167	183	181	178	188	210	193	173	199	210	181	205	187	188	172	166	199	192	150	179	180	183	201	185	173	168	165	177	184	202	192	201	177	210	195	199	182	216	172	167	166	191	201	203	200	167	198	199	179	191	199	159	183	177	180	186	188	186	155	183	199	184	195	197	190	158	187	198	177	187	190	214	163	192	180	176	189	192	175	199	185	185	196	202	196
Arenimonas	76	70	84	82	76	72	100	91	91	77	78	89	80	74	79	83	85	89	81	83	79	71	83	96	98	84	83	95	85	69	94	84	77	89	89	97	79	91	78	87	92	77	88	76	79	84	90	85	69	92	88	73	73	86	87	78	61	74	78	89	79	77	88	81	81	78	88	73	92	78	72	71	81	79	92	78	85	77	81	83	82	75	77	99	89	77	103	56	85	73	74	80	72	81	73	88	74	88	86	94
Armatimonas	7	15	6	11	8	6	11	8	5	14	12	7	7	9	6	10	7	6	6	7	8	6	11	8	11	8	3	5	9	9	13	17	8	8	4	6	10	4	7	9	6	10	5	12	6	6	8	7	13	4	8	8	10	5	5	6	7	4	12	8	13	8	4	9	8	7	10	9	9	7	4	9	10	12	5	8	7	14	10	5	4	14	10	10	11	9	10	10	5	11	5	9	5	9	4	12	5	4	10	8
Aurantimicrobium	129	146	168	140	127	146	150	131	157	143	123	133	141	149	154	143	139	140	140	125	129	137	149	145	135	137	118	127	153	162	141	130	133	122	136	137	141	164	146	121	146	146	173	135	136	130	162	124	147	140	137	114	154	138	144	150	140	127	139	135	149	147	130	138	137	157	127	165	137	133	117	172	146	127	166	177	158	138	139	150	137	134	156	147	145	158	113	121	150	155	143	154	137	136	150	144	140	137	159	153
Azospira	4	5	7	10	5	3	10	7	4	10	6	9	8	6	8	6	11	8	5	9	12	5	9	8	9	4	9	7	7	5	7	7	8	6	4	6	5	3	3	10	4	4	7	7	8	10	9	8	3	5	5	10	8	9	12	8	3	4	11	10	15	5	13	8	5	8	6	5	7	6	8	8	8	7	11	3	9	8	18	9	4	7	8	6	12	8	6	10	7	6	4	9	6	6	6	3	6	12	6	8
Azospirillum	11	11	14	9	11	7	15	5	15	11	10	17	14	15	10	12	6	14	15	11	6	10	10	9	17	13	10	16	14	11	15	13	10	11	9	12	12	14	12	13	16	12	12	14	7	8	12	15	9	12	10	9	9	9	9	19	13	14	8	14	11	9	11	10	13	19	16	19	3	14	14	16	9	16	8	8	11	12	14	17	12	13	15	13	11	15	9	13	12	9	6	14	13	19	11	12	14	9	14	3
BD1-7 clade	5	8	7	10	10	7	5	8	6	6	9	4	7	6	8	8	8	7	7	11	7	6	9	6	10	9	5	4	8	9	9	8	9	8	8	5	6	5	4	7	12	8	9	12	6	5	7	1	9	16	4	7	5	3	5	13	5	8	12	9	5	10	8	8	11	10	8	12	11	7	5	6	11	7	8	7	3	7	7	7	7	8	4	2	8	7	13	5	7	7	10	12	4	9	8	7	2	6	10	4
BIyi10	1	2	3	3	0	3	4	0	3	1	1	1	4	2	3	0	2	2	2	6	2	5	2	1	5	2	5	3	5	3	3	4	3	2	1	0	4	1	6	1	1	3	1	2	3	3	7	2	5	2	2	2	1	1	2	0	1	4	0	4	2	2	0	2	3	3	5	0	6	2	3	3	3	4	2	3	2	3	1	3	3	5	0	1	3	1	1	3	1	4	2	2	0	1	5	1	3	2	2	4
Bacillus	22	20	20	27	23	25	23	32	27	21	28	17	26	19	30	23	20	20	21	31	21	27	21	23	23	20	36	25	23	23	29	23	27	23	28	19	21	18	27	21	39	24	14	32	29	21	21	24	27	25	18	21	26	26	25	25	23	14	32	19	31	21	22	22	20	22	28	32	29	15	26	25	23	27	22	23	24	14	24	24	21	28	20	22	21	26	17	21	33	28	26	14	19	15	25	24	29	29	20	20
Bacteroides	7	3	3	4	5	5	3	6	5	3	6	4	2	3	2	7	6	5	5	2	1	3	4	1	3	5	3	2	3	6	0	6	7	3	2	5	3	6	1	0	4	2	2	0	3	2	1	2	2	4	5	1	1	3	2	7	6	1	2	2	8	5	3	4	4	4	2	4	3	4	4	2	1	3	2	1	1	2	6	0	5	4	2	3	0	3	1	1	3	1	4	3	2	5	2	3	2	2	2	5
Bauldia	8	10	10	9	6	9	9	12	4	13	11	11	6	13	16	7	5	8	12	11	12	4	8	10	9	12	7	10	6	13	6	12	8	10	7	14	13	9	4	9	11	18	11	6	8	18	18	7	13	6	8	8	8	15	11	6	6	13	11	14	5	10	4	10	10	9	5	8	8	13	9	10	5	8	12	13	9	11	7	6	11	7	11	16	5	7	10	9	8	13	13	3	13	9	13	9	7	13	10	11
Blastomonas	4	4	8	6	5	6	3	3	2	3	7	5	7	4	0	4	4	2	3	1	4	9	4	3	2	4	3	3	6	7	1	4	2	4	2	4	0	3	6	2	4	0	7	6	1	1	2	8	3	1	1	3	1	3	0	3	0	2	3	7	5	4	3	6	3	3	4	3	6	2	3	4	4	1	3	8	1	3	4	4	5	5	4	3	4	0	2	6	3	4	6	3	4	5	2	3	5	3	3	7
Blautia	11	6	6	5	7	9	7	8	9	9	7	11	11	10	6	7	2	13	6	8	8	12	10	8	10	7	8	18	11	6	10	16	11	7	15	11	11	8	6	11	12	8	8	14	5	9	2	9	5	8	4	4	12	7	10	11	7	6	8	7	7	6	14	10	7	9	5	7	4	7	8	10	11	8	4	6	9	7	7	6	5	9	9	7	10	9	6	7	10	11	7	6	11	7	4	10	8	14	8	12
Bosea	16	6	7	10	8	9	8	7	11	7	10	9	11	13	12	11	9	13	6	10	14	17	12	8	18	10	9	10	11	11	15	7	6	8	7	9	8	13	12	7	7	8	15	13	13	13	12	10	8	11	11	15	13	8	15	14	7	14	10	9	10	6	14	5	9	12	12	15	15	4	7	11	14	7	12	12	12	10	18	10	7	12	10	8	15	10	8	11	8	14	13	6	11	13	13	10	7	8	5	7
Bradyrhizobium	10	9	12	13	18	10	17	6	10	12	8	9	13	9	15	11	14	10	6	9	19	10	16	7	5	11	9	11	12	18	10	8	6	14	14	12	12	8	17	5	6	7	11	11	6	12	9	16	17	10	9	15	13	9	9	9	8	11	7	8	8	17	11	11	6	7	14	15	8	12	9	14	9	11	12	9	9	13	14	9	8	11	14	22	10	11	9	9	9	11	6	7	7	15	12	13	10	7	13	9
Brevundimonas	9	8	5	11	8	8	8	6	5	3	6	5	2	7	9	3	5	3	10	2	9	10	6	4	4	3	9	5	9	5	7	8	8	4	6	9	10	13	4	4	7	6	6	8	5	5	3	4	4	6	6	4	12	1	7	8	8	12	3	7	6	8	5	7	6	7	6	1	8	7	13	6	9	4	6	10	9	6	7	6	2	2	9	10	6	9	13	7	7	10	8	7	7	6	9	10	7	6	3	7
Buttiauxella	1	3	4	3	2	0	3	1	1	1	3	0	1	1	0	2	1	4	1	3	2	1	0	1	1	3	3	2	4	5	2	1	1	2	0	4	1	0	3	0	0	2	1	0	1	0	2	3	1	1	2	4	1	2	0	3	1	1	1	3	3	2	1	1	1	0	0	1	3	2	1	4	4	2	1	1	0	2	3	1	1	1	2	2	1	1	1	0	2	0	0	2	1	1	1	1	1	3	2	1
C39	11	10	12	14	15	19	11	11	10	9	13	15	17	10	11	13	16	10	6	16	17	9	10	18	17	12	12	20	10	8	10	10	17	17	10	13	6	11	14	12	10	15	13	6	15	13	10	15	12	13	11	17	11	9	13	8	10	16	10	11	10	14	19	14	10	12	11	8	13	5	9	18	11	11	12	9	18	16	8	7	10	11	13	18	16	9	12	11	23	9	10	11	16	14	13	8	15	14	15	13
CL500-29 marine group	9	22	26	17	21	17	18	17	12	10	8	28	18	16	14	16	22	22	19	18	14	16	11	14	20	13	13	17	16	18	15	20	19	12	15	28	14	17	20	20	19	13	11	14	8	9	20	11	25	14	16	18	14	16	15	19	12	13	15	14	12	17	19	18	15	11	15	20	16	8	12	12	13	22	22	26	15	24	24	18	10	22	13	16	13	12	18	13	15	16	19	12	15	11	16	11	10	13	10	20
CL500-3	4	2	1	6	3	5	4	3	2	1	5	1	7	3	4	3	6	4	7	3	3	6	2	2	3	1	5	3	1	3	2	5	4	2	3	2	5	1	3	4	5	8	3	3	3	5	3	4	3	3	3	2	4	5	1	2	4	7	2	4	3	6	2	3	2	4	1	3	1	3	2	3	2	7	4	3	5	5	5	1	4	4	3	2	6	3	3	3	5	4	1	4	4	4	8	9	5	4	4	2
CM1G08	4	0	2	2	2	2	1	3	3	4	6	3	5	4	1	1	3	2	3	2	1	3	1	3	2	1	1	0	4	3	0	2	0	0	3	4	0	4	2	2	4	3	3	1	1	3	1	3	1	2	0	1	2	3	2	4	3	0	2	3	3	3	3	2	3	1	8	1	3	3	2	1	3	3	1	1	3	2	2	0	2	2	2	3	2	1	1	2	0	3	5	0	1	1	1	3	1	1	1	1
Caenimonas	1	1	0	0	3	3	0	4	3	1	2	4	1	2	2	1	1	4	3	1	2	4	2	1	2	1	3	3	5	1	5	1	0	2	0	4	2	4	0	6	3	0	1	3	3	2	3	1	2	0	2	1	2	4	1	4	1	2	5	2	7	1	1	0	2	1	1	0	5	5	2	5	1	2	4	2	0	2	2	4	3	3	3	3	1	3	2	0	3	1	2	1	2	0	2	1	4	0	3	3
Calothrix KVSF5	1	1	2	4	2	5	6	2	2	0	0	3	1	2	2	2	1	4	2	3	3	1	2	2	3	5	2	1	1	3	4	2	3	2	1	1	0	1	4	1	2	3	3	1	3	2	5	2	3	2	2	1	2	0	3	2	1	2	3	4	1	3	4	1	4	3	4	4	2	1	4	4	2	3	3	5	3	2	1	5	1	1	0	0	3	3	2	2	3	1	3	3	4	2	2	1	5	2	1	4
Candidatus Accumulibacter	5	5	5	14	11	11	9	9	5	4	4	9	11	7	5	8	7	10	9	14	7	5	14	4	4	6	9	5	11	11	6	6	9	8	10	8	11	5	12	11	7	11	12	9	14	6	7	11	8	9	9	4	10	14	11	9	10	8	11	8	9	10	7	7	8	8	10	3	7	6	12	4	9	3	7	14	11	11	8	15	9	5	5	9	8	3	7	4	10	8	17	6	6	9	7	9	6	7	5	5
Candidatus Alysiosphaera	8	9	9	7	6	9	5	4	7	10	9	13	7	10	6	8	4	4	6	15	10	11	9	5	5	12	12	5	4	11	8	9	9	6	8	11	5	5	8	15	9	9	6	8	5	5	5	9	7	3	9	6	9	5	7	12	6	8	6	6	4	11	12	7	5	10	8	6	7	6	4	3	3	10	6	9	12	3	7	10	7	2	3	9	10	10	5	9	8	6	11	9	6	4	8	7	7	9	10	5
Candidatus Aquiluna	218	197	195	214	207	181	211	196	193	204	233	185	179	201	188	183	209	214	199	223	174	181	194	194	187	184	206	195	201	196	205	167	215	202	196	200	217	187	192	199	208	206	205	207	189	216	214	194	215	215	191	233	205	190	231	221	208	167	200	165	221	207	210	203	214	203	202	214	233	193	184	197	194	193	206	190	178	206	207	192	194	189	202	180	212	181	192	211	232	214	175	202	193	198	219	201	214	194	191	196
Candidatus Berkiella	2	3	2	2	2	1	2	1	0	5	2	0	5	1	3	0	3	1	1	3	0	2	0	2	1	2	4	2	1	0	2	3	3	3	0	1	1	3	0	1	1	3	0	2	1	2	2	0	1	4	1	2	0	3	2	3	1	0	1	1	1	0	2	0	2	0	2	1	2	3	3	1	3	1	1	1	1	0	2	0	1	1	2	1	1	0	1	1	3	2	1	3	0	1	1	1	1	1	4	2
Candidatus Endoecteinascidia	4	3	3	3	4	6	5	3	5	6	15	5	8	2	5	4	9	6	5	9	5	7	2	6	4	2	4	4	4	4	8	7	11	6	3	2	6	5	2	4	6	8	4	6	6	5	5	7	7	3	9	3	4	10	7	5	6	7	4	6	8	3	7	7	2	5	3	5	9	0	4	4	9	2	6	3	4	7	5	5	3	3	7	6	5	10	4	3	8	5	3	6	14	2	1	2	10	4	7	2
Candidatus Limnoluna	2	1	1	4	0	2	3	1	1	1	3	1	2	2	2	4	3	1	1	3	1	3	2	1	1	2	2	4	3	4	2	3	0	0	0	1	2	1	2	1	4	0	1	1	5	3	4	1	3	3	3	0	1	2	1	2	1	2	5	3	1	3	2	3	3	1	4	1	2	3	1	1	3	0	0	3	2	1	0	0	0	2	0	1	3	2	1	1	2	1	0	0	0	1	2	2	1	2	2	4
Candidatus Methylopumilus	2	0	1	4	5	1	4	4	3	5	2	4	1	4	6	2	3	2	1	0	1	3	3	4	1	6	3	4	3	3	3	0	2	2	2	3	5	4	1	1	2	2	1	0	5	4	3	2	4	1	6	1	7	2	0	3	1	3	3	3	2	3	3	1	2	5	2	3	0	4	1	3	2	3	6	0	1	1	3	0	3	1	3	3	3	1	6	2	1	1	4	3	3	3	2	4	4	3	1	1
Candidatus Omnitrophus	3	9	9	4	7	5	6	7	5	7	5	4	7	7	6	4	10	8	6	10	10	5	15	6	8	10	6	8	7	4	9	5	7	4	6	8	5	5	6	6	6	13	7	3	2	5	9	4	2	4	2	7	6	6	7	15	6	6	3	5	6	5	12	5	5	6	5	10	2	8	6	8	5	5	5	5	5	5	8	9	5	12	6	4	6	13	6	5	8	8	10	8	3	4	6	9	8	3	4	6
Candidatus Ovatusbacter	3	2	4	2	4	5	1	1	1	3	1	2	7	3	1	3	1	3	4	2	5	0	6	1	0	7	3	2	3	1	2	4	2	4	0	8	1	1	2	2	2	2	2	3	4	3	2	3	4	2	4	2	5	2	5	1	1	2	5	4	3	3	1	2	1	1	7	2	3	1	1	2	1	5	1	2	4	4	1	3	2	4	2	5	4	3	3	2	3	1	1	5	1	1	1	5	3	1	2	3
Candidatus Paracaedibacter	6	4	8	8	14	9	4	8	7	5	7	6	9	7	6	7	7	13	11	12	14	11	10	6	5	5	5	7	6	9	8	12	6	11	8	13	2	3	11	5	5	13	4	9	8	8	5	9	3	11	9	6	5	6	7	10	8	7	7	10	7	5	8	9	4	13	8	10	10	4	3	10	4	8	4	7	3	8	9	4	5	11	12	7	8	8	4	5	4	9	3	3	4	5	10	11	9	6	3	6
Candidatus Planktoluna	45	58	50	40	56	46	50	55	51	49	49	48	54	55	48	59	51	41	57	59	42	45	34	62	49	64	47	41	47	63	48	40	59	50	43	53	54	62	45	49	59	48	41	56	48	45	49	50	40	46	43	64	60	44	36	50	49	42	54	43	55	53	57	55	67	51	58	46	50	43	45	49	54	46	53	62	54	50	53	42	54	48	49	54	64	57	59	63	47	57	54	61	54	61	57	50	49	45	57	57
Candidatus Planktophila	1	1	1	2	3	4	2	1	2	0	3	2	1	4	0	4	0	2	0	2	1	1	1	1	0	1	1	3	4	0	2	0	1	0	2	0	2	4	1	1	4	2	1	2	1	2	2	0	1	0	2	0	2	3	0	2	3	1	1	2	1	0	3	1	3	1	3	1	3	1	0	1	4	1	2	3	3	2	1	3	1	3	3	0	0	5	2	1	4	2	2	2	3	1	2	3	3	2	2	1
Candidatus Symbiobacter	17	16	11	23	16	27	21	21	13	17	16	19	17	19	16	19	13	19	21	19	20	20	15	14	20	16	19	21	28	16	17	12	23	18	17	16	13	21	17	18	16	19	19	31	16	21	21	8	20	17	19	12	15	7	21	17	22	22	25	18	20	17	17	26	19	22	16	12	17	15	22	16	15	12	21	23	20	24	23	19	18	23	16	13	14	22	24	13	19	25	16	23	15	17	12	21	17	14	19	17
Caproiciproducens	5	2	2	5	0	1	1	2	3	1	4	5	0	1	2	4	3	5	4	1	3	2	1	1	1	2	1	3	2	3	0	4	2	2	1	4	3	3	2	1	1	1	2	6	2	3	1	2	5	3	2	0	1	1	2	2	3	2	3	2	5	3	4	2	2	0	0	0	2	7	3	4	2	3	1	2	2	4	3	1	3	5	3	3	1	2	0	4	2	1	3	0	2	2	1	5	2	1	3	3
Caulobacter	46	35	30	27	39	42	40	48	34	41	31	33	40	39	35	46	31	23	34	47	47	28	28	39	38	47	49	34	42	45	37	33	42	39	28	45	35	33	36	52	28	33	36	30	34	38	24	36	32	37	32	31	38	37	32	36	37	37	55	32	40	34	33	28	36	35	35	36	39	36	38	26	37	33	49	47	44	34	41	31	38	34	40	35	27	46	48	38	44	42	31	35	36	39	27	38	43	35	36	32
Cavicella	1	0	4	0	3	2	1	1	3	2	2	2	2	0	0	1	1	1	0	3	0	4	0	4	1	4	3	3	3	3	2	4	1	1	1	1	2	1	1	0	2	1	3	0	1	2	5	1	3	6	3	2	2	2	2	0	2	2	1	0	1	2	3	2	4	1	1	3	1	1	1	2	0	1	3	1	1	1	1	1	0	2	2	4	2	2	3	4	0	3	3	1	2	2	0	5	3	4	4	1
Cellvibrio	5	2	2	4	4	4	3	2	4	3	6	4	6	4	5	2	2	5	2	5	2	4	3	3	7	6	3	3	1	2	5	4	0	2	3	5	5	2	3	3	4	2	1	1	5	2	3	5	4	2	4	6	3	2	1	1	1	4	5	8	2	8	3	1	3	8	4	6	2	4	1	10	3	2	6	3	1	4	7	2	3	4	0	4	4	3	1	1	6	3	5	6	5	6	4	4	3	3	6	1
Cereibacter	1	3	1	2	1	4	3	2	1	2	2	3	3	3	0	3	5	3	2	0	2	3	0	1	1	2	3	1	4	2	4	6	0	2	1	4	1	3	2	5	1	0	2	1	5	3	0	1	4	0	4	1	1	4	3	0	3	6	6	2	2	4	1	1	4	1	1	0	2	4	1	4	1	3	3	1	0	1	1	2	2	0	1	1	1	2	1	3	2	1	4	2	3	0	3	0	1	0	0	1
Chelatococcus	0	0	1	0	4	0	1	1	1	0	2	4	3	3	2	0	2	2	2	1	2	1	3	2	3	2	3	1	0	4	2	1	4	0	2	2	1	0	0	3	1	0	1	2	0	1	1	1	1	0	1	3	2	0	3	3	2	0	2	1	3	2	6	4	1	1	4	3	3	1	2	2	2	3	1	0	1	3	1	3	0	1	2	1	2	2	0	4	1	1	2	2	2	0	2	2	3	1	2	1
Chitinibacter	14	11	9	21	10	13	12	9	9	9	11	9	17	11	10	9	16	14	17	12	12	9	6	13	12	6	15	13	10	9	13	12	11	8	15	13	6	7	8	12	13	17	12	12	9	9	10	14	10	17	7	9	10	9	8	17	15	8	12	12	14	8	6	19	16	7	8	17	12	7	12	9	9	12	13	13	12	14	8	11	9	13	8	11	7	15	9	18	5	6	13	14	12	18	14	8	13	17	12	10
Chitinilyticum	3	3	2	1	7	5	2	4	2	7	5	2	2	6	2	9	1	5	4	1	1	4	3	1	2	4	1	3	8	4	9	4	4	3	4	4	3	5	4	2	5	1	3	9	6	1	4	2	3	4	2	1	10	3	4	4	5	5	5	8	5	3	6	4	4	5	2	5	4	3	5	6	2	4	1	2	9	5	1	3	3	4	3	3	2	3	4	4	4	6	2	2	5	3	3	4	2	5	2	4
Chitinimonas	5	4	2	4	4	4	0	2	3	3	0	2	0	2	3	1	2	4	3	2	2	4	2	4	2	1	3	1	2	3	1	1	2	3	5	3	4	3	2	5	2	3	4	2	4	6	2	1	1	3	3	1	3	4	4	5	5	5	5	1	5	4	2	2	4	0	1	2	3	7	5	1	4	5	6	1	1	0	5	4	3	3	0	1	1	1	1	1	2	1	1	2	0	0	4	2	3	1	1	3
Christensenellaceae R-7 group	5	7	6	13	7	11	6	7	10	10	5	8	9	6	5	4	2	10	10	14	8	7	7	4	4	8	10	3	5	8	6	4	10	4	7	13	5	6	6	7	11	8	4	7	5	6	1	6	4	5	5	3	7	5	3	8	8	4	4	6	8	11	8	9	7	7	6	12	9	8	8	7	9	5	9	10	7	8	8	11	6	6	1	5	9	6	8	6	5	8	7	10	5	5	8	3	5	11	10	14
Chromobacterium	2	0	1	1	4	1	2	0	0	0	3	1	3	0	0	1	2	0	3	1	2	1	1	0	3	3	1	0	2	0	1	1	0	2	1	3	2	1	2	1	0	4	1	2	2	0	2	0	5	2	1	0	0	4	1	0	1	2	4	0	1	1	1	3	1	1	2	0	0	1	1	5	0	1	1	1	3	1	1	1	3	2	2	1	1	0	0	1	0	1	2	2	0	0	2	1	3	2	2	3
Citrobacter	2	1	2	0	2	3	2	2	2	2	2	7	2	1	2	5	3	1	3	0	2	2	3	2	6	3	2	5	2	0	1	5	2	4	1	1	3	2	3	2	1	0	3	6	0	2	1	0	0	2	3	4	3	5	4	7	1	5	4	2	2	2	4	5	2	6	1	2	2	3	4	3	3	1	5	3	2	2	5	2	4	7	2	1	2	4	2	2	1	4	0	3	2	1	1	2	3	1	1	0
Clostridium sensu stricto 1	72	81	80	71	71	80	90	74	86	87	93	70	76	80	75	75	92	92	85	83	74	71	90	76	70	61	86	75	99	57	64	75	81	73	76	78	57	62	75	71	74	93	74	68	81	73	62	86	63	70	62	73	66	79	84	58	66	85	77	80	77	69	68	80	82	71	75	64	81	84	79	77	80	89	78	89	75	88	78	87	76	62	75	80	79	82	84	86	82	90	79	65	71	79	60	68	81	67	84	67
Clostridium sensu stricto 12	3	2	1	0	1	0	1	2	1	3	5	1	1	0	2	2	2	3	3	1	1	1	3	3	0	5	3	3	3	1	2	2	1	1	0	2	1	2	1	1	3	2	2	1	0	2	3	1	2	3	4	1	0	0	0	1	2	3	4	3	0	3	5	2	2	6	2	1	3	0	3	1	0	3	0	2	1	1	2	6	5	3	1	3	0	2	1	1	1	2	3	2	1	1	1	2	2	1	1	4
Clostridium sensu stricto 13	12	8	9	7	5	9	11	11	8	14	11	7	11	9	11	12	10	9	10	10	10	9	8	9	9	4	10	4	9	10	7	15	10	9	10	7	8	11	5	3	10	8	12	10	9	7	13	9	8	12	9	8	2	11	10	7	9	11	13	7	8	10	17	15	7	11	7	7	8	10	10	6	12	10	15	6	14	9	9	6	3	6	10	8	15	8	11	18	5	14	7	14	12	10	7	9	7	14	16	14
Clostridium sensu stricto 3	3	1	0	4	0	1	0	2	2	2	2	4	1	0	2	1	2	2	1	2	5	1	3	0	0	1	1	3	0	2	2	4	0	1	1	1	2	0	1	2	1	2	2	2	1	0	1	2	1	1	2	2	0	1	4	4	1	3	4	2	1	1	1	4	2	1	1	1	1	2	3	3	3	3	0	2	2	6	0	2	0	2	1	2	2	4	2	2	2	1	1	2	4	2	1	4	0	1	4	1
Clostridium sensu stricto 8	2	3	4	6	3	0	1	4	6	8	9	3	1	3	3	6	5	4	5	2	4	4	5	5	1	3	6	7	3	10	2	8	3	5	7	4	4	2	5	9	2	3	6	6	0	8	5	4	9	7	4	7	1	4	4	4	3	6	5	4	2	3	3	6	3	3	6	8	9	9	7	6	4	7	1	9	4	9	8	9	4	9	2	9	4	4	1	3	5	5	7	6	3	6	3	5	5	2	5	7
Clostridium sensu stricto 9	6	3	4	2	6	4	2	0	2	1	3	1	3	2	5	1	4	2	2	2	1	1	4	3	3	1	2	5	2	3	4	6	5	5	1	2	1	1	4	1	3	2	4	4	2	3	1	5	2	4	3	5	1	3	3	3	2	5	2	3	3	1	4	4	3	7	2	1	3	3	5	4	2	1	3	2	2	2	2	5	3	5	3	1	4	3	5	3	4	5	2	1	7	3	4	1	1	1	0	4
Cnuella	1	0	0	0	0	2	1	0	0	3	2	3	3	2	1	2	1	2	1	1	1	4	2	1	5	2	2	1	1	1	2	1	2	3	1	0	0	2	0	2	0	3	3	0	1	1	0	2	4	0	0	2	3	2	0	3	0	1	3	1	2	0	1	1	2	1	1	2	1	0	4	1	0	2	1	3	1	1	1	2	4	2	1	1	1	2	1	1	1	1	1	2	1	2	0	1	3	1	0	2
Cohnella	3	0	1	2	2	0	2	2	2	0	3	0	3	2	1	1	1	0	4	1	0	1	1	1	4	1	1	0	3	3	0	0	1	2	2	4	0	1	0	1	0	2	2	0	2	0	1	1	1	4	1	0	1	2	1	3	7	0	1	2	4	5	1	2	2	2	0	0	1	1	1	3	2	6	0	3	0	1	0	3	0	3	4	0	3	4	7	2	1	0	1	2	3	1	0	1	2	2	0	0
Comamonas	55	44	41	36	42	39	38	57	40	42	48	38	36	35	50	40	34	40	35	46	44	44	38	44	40	49	44	42	37	39	52	40	37	44	41	33	48	40	44	48	57	28	45	37	46	44	39	44	54	42	31	28	49	49	44	48	41	56	48	45	38	42	47	39	38	43	39	39	44	35	43	37	50	50	54	54	43	44	44	38	39	59	40	38	34	38	47	52	30	53	60	39	36	41	46	46	43	47	37	40
Coxiella	7	2	3	2	5	4	2	2	3	6	3	5	0	4	5	0	4	0	5	4	2	1	2	5	1	2	8	3	6	0	8	1	2	3	6	3	2	2	1	5	3	1	1	4	2	2	4	4	5	4	3	5	3	5	3	1	2	5	3	2	2	1	5	4	1	5	2	4	0	3	3	0	2	3	1	1	4	1	3	3	0	2	3	1	2	1	4	1	4	4	5	5	4	8	4	4	4	0	2	3
Curvibacter	54	59	47	59	60	75	58	64	53	59	61	65	68	59	50	46	46	63	48	52	53	46	68	51	62	50	50	53	55	58	54	63	54	59	59	56	53	60	67	55	60	62	59	53	52	52	67	49	58	51	59	71	62	42	48	59	51	51	50	61	54	66	56	36	58	48	67	69	72	59	64	54	62	58	61	68	61	52	50	59	48	59	45	50	52	55	57	68	52	60	57	84	59	52	59	68	48	65	62	51
Cytophaga	2	4	5	6	1	1	3	2	1	2	1	1	2	4	4	0	1	2	0	1	5	1	2	7	1	3	1	1	1	3	2	3	3	4	0	5	3	3	2	3	3	2	3	2	4	1	2	2	2	2	2	1	4	1	1	1	4	0	3	2	0	2	2	1	1	3	2	6	1	1	3	1	0	1	2	2	4	3	2	0	2	3	2	1	2	2	1	1	1	2	3	4	4	3	2	0	1	1	0	2
Dechlorobacter	5	11	8	7	4	8	4	12	11	14	11	8	6	7	5	8	11	10	7	5	6	6	10	9	10	7	9	11	6	6	7	4	8	12	8	9	9	4	8	8	4	7	7	5	9	7	6	9	10	8	13	11	8	8	14	4	7	6	8	11	6	7	8	8	9	5	4	7	12	9	4	10	5	12	11	10	7	7	8	7	12	5	11	5	1	6	10	5	10	7	6	6	5	8	11	6	9	11	5	9
Dechloromonas	18	9	14	10	16	9	15	13	11	4	16	12	16	11	17	10	11	13	14	15	9	9	24	12	18	12	17	8	8	17	14	14	10	12	11	15	8	5	16	2	18	15	13	9	9	18	12	14	14	8	15	14	13	14	9	24	9	21	15	10	10	6	12	14	10	16	11	9	10	11	8	15	11	14	12	13	16	13	18	17	16	13	12	11	11	11	15	14	10	11	8	7	9	18	11	12	12	12	16	13
Deefgea	16	10	12	18	10	16	11	10	13	12	11	15	16	15	6	16	11	12	9	13	18	12	13	11	13	17	18	19	19	14	14	10	9	11	14	15	25	11	18	14	15	11	20	11	12	14	12	12	17	13	16	11	11	21	11	13	13	12	16	12	11	10	12	13	10	12	15	12	17	8	11	12	18	12	13	15	13	11	14	12	11	10	13	9	10	18	16	13	17	8	11	8	15	16	20	8	12	14	12	8
Defluviimonas	15	14	8	7	12	10	14	9	10	14	12	12	14	14	7	16	12	12	11	5	20	15	12	11	13	16	11	15	13	9	17	11	15	13	8	17	10	14	7	14	18	11	14	14	9	12	19	12	16	14	12	22	15	9	10	10	13	10	15	10	14	14	20	15	10	9	9	10	20	8	12	21	11	11	12	17	12	11	11	9	14	14	15	14	13	8	11	8	11	12	15	14	17	16	8	18	10	14	26	15
Delftia	8	6	10	8	5	4	9	7	6	12	5	6	9	8	8	3	8	10	8	6	10	13	7	6	9	7	8	8	5	8	4	10	8	8	10	9	8	10	7	8	9	4	6	9	4	5	7	6	5	11	9	8	5	4	10	6	8	5	8	8	9	6	11	8	6	6	10	5	8	10	7	4	6	8	4	8	7	7	5	8	12	12	10	8	11	7	5	3	6	2	8	9	10	4	20	6	7	6	7	9
Denitratisoma	9	16	6	12	7	12	20	12	15	14	9	11	10	13	10	8	12	11	12	9	18	5	12	11	14	14	17	13	8	16	12	11	13	15	13	10	7	12	12	6	15	15	10	10	18	8	21	10	19	11	10	22	13	16	14	16	5	13	10	9	11	11	7	16	13	12	9	12	14	9	8	14	13	13	8	12	17	3	7	11	7	13	12	10	11	12	14	9	10	8	12	11	10	11	8	17	8	13	12	14
Devosia	75	77	72	68	71	74	77	56	75	68	78	84	72	79	69	66	56	79	77	72	68	77	76	74	85	93	81	71	61	70	67	68	68	82	78	79	73	70	85	70	73	68	76	79	78	70	73	81	64	70	72	60	80	63	68	73	77	69	80	83	71	71	61	86	78	76	69	60	70	76	71	81	86	61	72	75	70	64	61	70	67	81	84	66	74	62	72	77	78	70	63	76	71	54	84	89	77	44	79	72
Dickeya	2	3	1	0	1	0	1	3	2	2	0	1	0	0	3	5	2	2	1	2	1	4	1	3	1	2	2	2	0	5	2	1	3	3	3	2	2	2	3	1	1	4	5	2	2	1	2	3	4	2	1	2	1	2	1	3	2	0	0	4	2	4	4	2	5	2	2	0	2	3	0	3	4	5	2	1	2	3	1	2	1	0	5	2	3	0	2	1	0	1	4	4	5	1	2	3	1	1	3	3
Dinghuibacter	18	18	13	12	12	13	13	13	11	14	15	10	10	20	16	13	13	12	12	16	13	17	9	14	10	17	14	11	12	19	9	13	11	10	9	8	12	13	15	17	13	14	15	13	11	12	11	8	14	10	15	16	18	11	19	13	9	12	11	16	15	6	15	16	13	12	12	12	9	9	17	14	14	10	15	16	11	11	15	14	18	10	16	12	12	10	16	12	15	12	13	16	9	17	8	15	19	19	15	14
Diplorickettsia	0	1	1	4	0	4	3	0	2	1	0	2	0	0	2	0	2	2	1	4	3	2	2	0	0	3	0	2	0	2	1	0	4	2	2	2	3	3	1	2	4	8	1	1	3	0	0	2	1	4	3	1	2	1	2	1	1	0	3	1	0	2	2	3	0	2	1	1	0	0	2	2	2	2	0	0	0	4	0	1	3	2	3	2	2	0	2	2	1	5	2	2	0	1	1	1	1	0	1	2
Dongia	5	17	18	4	16	9	8	11	9	12	9	12	7	12	9	11	4	8	9	18	10	9	10	12	5	13	11	8	9	7	9	6	7	5	9	10	10	10	15	4	12	8	9	10	11	13	3	11	12	7	6	14	10	12	7	11	13	7	10	10	11	10	12	9	10	6	8	15	4	9	8	12	9	14	11	11	12	13	9	9	13	8	8	13	8	9	15	11	12	8	10	9	6	9	6	10	7	10	11	6
Dorea	1	3	1	2	2	7	1	2	4	3	0	1	1	2	1	1	3	2	1	2	3	1	1	0	0	2	0	0	2	2	0	0	1	0	2	0	1	4	1	2	0	0	1	0	1	3	2	1	3	2	4	2	1	1	1	0	2	1	1	2	1	0	1	1	1	1	2	0	0	4	3	1	0	0	1	1	0	0	2	3	2	0	0	1	2	0	3	0	1	0	0	0	3	3	2	0	1	1	3	1
Duganella	23	29	35	32	38	18	26	26	26	30	28	22	37	30	31	29	35	25	29	20	37	30	31	24	29	34	24	24	20	24	26	25	31	25	17	24	30	30	40	23	31	26	31	27	30	20	31	27	24	26	34	25	32	15	33	34	26	24	27	32	27	30	26	39	36	26	22	35	29	31	18	28	20	28	27	35	28	31	27	23	32	27	41	18	28	24	30	22	25	27	34	33	31	32	29	29	29	26	36	31
Ellin6067	24	18	21	27	26	33	30	26	16	18	30	25	25	26	26	17	26	25	20	21	24	23	27	36	22	42	32	20	21	28	30	26	27	23	25	24	32	23	23	20	26	27	16	25	26	18	29	26	27	23	14	28	16	25	16	24	26	24	31	31	24	28	22	29	24	37	30	32	19	23	23	21	21	27	23	30	23	22	23	24	23	29	16	26	25	35	26	23	15	19	21	24	22	34	33	31	31	39	19	26
Enterobacter	4	1	1	2	3	2	0	2	4	0	4	0	1	3	1	4	6	2	2	0	5	1	2	2	4	3	3	6	2	1	2	1	1	2	2	2	3	0	4	4	1	2	3	1	1	2	1	3	5	3	1	1	3	0	2	4	1	2	1	0	1	3	1	4	3	2	3	3	2	2	4	3	1	0	3	2	1	3	5	2	2	2	2	3	1	4	2	0	3	2	2	0	3	1	1	1	2	2	1	3
Enterococcus	2	0	0	2	3	2	1	0	2	0	1	0	1	3	1	1	0	1	1	1	0	3	1	2	3	2	4	2	1	1	1	0	1	1	2	1	2	0	1	3	1	0	2	2	1	2	2	2	1	4	1	0	1	1	1	1	1	2	1	2	1	3	2	0	1	0	0	4	3	0	0	2	1	1	2	2	0	0	1	0	1	0	0	3	2	1	1	1	1	0	1	5	3	0	0	4	2	2	1	0
Epulopiscium	2	3	1	1	5	1	2	2	3	2	0	1	0	5	1	2	3	2	1	2	0	1	1	3	1	3	1	1	2	3	2	4	2	2	1	4	2	2	1	4	0	1	1	1	4	2	2	1	5	3	0	2	0	2	1	0	1	1	1	0	0	2	2	2	1	2	3	1	1	3	1	3	3	0	3	5	3	0	1	2	4	2	4	2	0	2	4	3	7	1	0	0	3	4	1	1	2	2	2	3
Erwinia	3	5	3	4	5	5	4	3	4	4	2	5	2	2	3	2	6	9	2	4	9	3	4	3	7	4	1	3	3	4	5	7	3	6	2	1	3	2	5	2	5	4	4	2	5	3	3	4	1	5	3	4	2	7	5	4	1	6	4	3	3	6	4	7	5	4	5	4	5	4	3	3	1	8	6	6	7	4	6	2	3	5	1	3	2	5	8	4	4	5	5	2	7	7	7	4	3	2	6	7
Erythrobacter	2	1	3	2	1	4	6	4	2	0	2	3	3	4	2	5	2	4	1	2	3	2	2	1	2	0	4	3	5	1	2	4	3	4	2	3	3	2	1	4	2	0	6	1	1	3	1	4	3	1	1	0	1	1	3	3	1	1	2	3	4	2	2	4	1	2	4	0	2	2	4	1	2	3	0	3	1	2	2	3	1	3	2	2	5	2	3	5	3	2	4	1	3	2	3	2	3	3	2	1
Escherichia-Shigella	11	10	15	10	11	16	7	15	19	12	11	11	16	18	15	9	19	14	17	11	10	11	15	8	17	17	12	18	12	13	11	18	13	9	7	18	16	14	18	14	12	16	12	15	6	16	18	12	12	10	13	8	11	11	14	10	22	14	12	17	11	9	12	13	14	16	14	6	15	14	9	9	12	14	14	9	11	11	16	6	15	8	10	8	13	17	15	17	12	7	13	19	15	12	14	10	17	8	12	9
Exiguobacterium	5	2	0	1	2	1	0	0	1	1	2	1	0	2	0	0	1	1	1	3	6	1	2	4	1	1	2	2	4	2	1	3	1	1	1	3	0	1	1	1	4	6	1	1	0	1	4	2	2	2	3	1	2	1	2	4	1	5	0	0	2	4	2	3	1	1	2	2	2	0	3	1	0	1	1	2	0	0	1	1	1	1	1	2	4	3	2	1	3	1	0	0	4	3	1	0	2	1	1	4
FFCH5858	1	1	0	0	0	2	0	0	1	2	1	1	0	0	4	6	3	3	1	2	0	2	1	2	1	1	2	1	3	1	3	1	2	0	1	1	0	0	2	3	2	1	1	1	0	0	1	1	2	2	4	2	1	0	1	1	6	1	3	1	5	1	2	1	0	0	1	2	2	2	1	2	3	1	1	0	1	2	2	1	3	2	3	2	1	2	2	3	2	1	1	1	2	0	3	0	0	1	3	1
Faecalibacterium	2	4	8	3	8	9	7	7	5	6	6	3	4	7	5	4	6	9	6	10	4	8	2	3	7	9	8	7	8	8	6	10	7	8	8	6	8	12	12	7	5	7	8	8	3	11	6	5	5	8	5	3	7	2	2	3	8	6	11	12	10	6	8	12	17	5	5	3	7	9	3	9	6	5	7	3	6	4	5	6	8	6	7	9	9	10	8	12	6	4	5	1	8	3	6	7	2	7	8	2
Ferritrophicum	1	6	4	1	4	4	4	4	0	1	4	4	3	3	2	5	2	1	4	1	1	6	1	4	2	2	2	3	5	7	2	5	7	1	2	3	0	3	6	3	2	2	6	1	2	0	0	4	2	8	3	3	1	4	3	1	2	3	1	2	3	3	3	1	6	3	1	5	2	1	2	3	1	1	6	2	2	5	2	2	2	1	0	2	2	3	1	1	1	1	3	4	6	1	3	2	1	5	2	4
Ferruginibacter	3	3	4	3	2	4	6	6	0	2	2	4	1	3	5	1	4	2	7	2	1	4	3	3	2	3	1	2	6	5	2	4	4	3	3	5	5	2	2	7	3	4	4	5	4	5	2	0	0	0	1	0	4	4	3	6	1	2	4	3	1	4	7	4	3	1	4	1	1	2	3	3	7	7	4	1	3	3	6	5	7	2	3	1	7	3	1	7	6	0	2	4	2	4	5	2	1	1	4	1
Fimbriiglobus	5	5	6	4	0	0	2	4	3	1	0	3	3	2	1	0	3	3	5	4	4	0	4	3	2	4	3	3	3	1	2	3	0	4	1	4	2	3	2	2	3	3	1	2	0	2	2	4	2	2	1	0	3	3	3	2	0	3	4	2	0	9	1	4	5	3	1	5	0	4	2	1	3	1	3	3	2	3	2	0	1	1	5	3	4	2	1	3	0	3	1	0	1	3	3	3	5	2	1	2
Flavobacterium	1229	1194	1191	1125	1146	1231	1164	1198	1168	1162	1133	1166	1186	1134	1153	1128	1153	1176	1210	1141	1155	1180	1200	1168	1205	1162	1181	1146	1139	1224	1232	1132	1173	1213	1224	1128	1204	1176	1164	1181	1137	1135	1181	1167	1148	1219	1181	1112	1166	1215	1250	1187	1237	1211	1141	1212	1193	1183	1142	1207	1184	1147	1118	1144	1174	1168	1230	1205	1163	1247	1166	1197	1213	1170	1170	1187	1147	1227	1269	1223	1211	1239	1160	1232	1162	1183	1154	1217	1230	1129	1154	1174	1225	1277	1130	1165	1185	1193	1185	1198
Fluviicola	361	370	415	386	376	376	394	389	389	410	370	356	379	383	409	381	379	362	354	387	390	373	385	374	390	399	380	376	435	395	364	375	372	373	388	378	369	366	423	407	391	389	371	404	386	392	360	397	432	381	379	390	405	403	380	368	375	355	375	366	390	378	402	401	383	386	353	382	361	395	354	398	391	354	376	387	386	398	387	361	343	378	364	391	383	391	391	387	375	397	355	382	407	399	384	357	398	339	384	387
Fodinicola	6	6	9	10	8	7	5	10	5	4	7	5	9	10	10	5	6	6	11	8	4	10	4	10	8	9	6	7	7	10	15	8	3	7	7	8	9	10	15	4	9	5	11	2	5	5	12	9	7	8	3	6	8	7	7	8	9	8	8	10	4	5	8	2	9	11	7	4	6	8	9	10	11	12	7	8	10	8	6	8	5	7	5	8	5	5	9	7	9	6	12	8	8	7	6	4	7	4	14	10
Formivibrio	0	5	2	1	2	1	3	4	1	2	5	3	0	2	1	0	1	2	1	0	4	3	1	0	1	1	3	0	2	2	1	0	2	2	1	1	1	1	3	6	1	2	3	1	2	2	0	1	1	1	0	5	2	1	1	0	1	1	4	1	1	2	1	1	3	1	0	0	3	2	0	3	1	1	1	0	5	0	3	2	1	4	5	3	2	1	2	1	0	1	1	0	0	0	2	3	4	4	2	0
FukuN57	4	2	2	0	4	2	6	1	7	5	4	1	3	1	5	2	9	2	4	0	4	0	4	3	3	2	2	2	0	1	4	6	4	2	5	3	3	4	6	3	1	5	0	2	4	4	6	1	2	2	3	4	6	0	1	1	2	5	4	2	6	3	2	2	3	6	4	7	1	3	3	2	3	1	2	4	5	5	5	0	3	3	3	2	7	4	4	6	7	2	1	1	1	6	3	4	3	1	6	4
Fusibacter	3	2	2	3	1	5	2	4	1	0	3	2	3	2	3	3	6	2	1	2	1	1	2	5	1	3	3	2	5	4	3	0	3	0	4	2	1	3	3	3	2	2	1	3	2	4	1	2	3	3	3	4	3	6	1	3	0	4	1	3	2	2	2	5	1	1	1	1	1	3	4	5	3	5	2	3	3	2	4	2	1	2	1	5	2	3	0	1	3	3	2	3	1	3	3	3	0	2	3	4
Fusicatenibacter	1	4	2	1	2	2	1	1	1	0	3	2	2	3	1	1	0	3	0	2	3	2	2	3	2	1	4	0	3	2	3	1	3	2	1	1	0	2	2	2	2	1	0	3	2	2	3	0	0	3	2	2	3	0	2	1	2	2	2	2	2	3	1	2	3	2	4	2	1	3	2	1	3	1	0	4	0	1	1	2	1	1	4	4	2	2	1	2	3	1	1	3	1	0	4	2	2	5	1	0
GKS98 freshwater group	68	62	59	57	65	70	65	74	79	67	58	68	55	72	78	73	50	55	81	61	54	66	46	48	59	76	71	72	55	74	60	57	58	54	62	61	69	76	71	53	64	61	72	72	58	62	60	58	61	49	60	48	51	76	54	69	58	73	67	59	77	64	69	69	65	69	78	82	77	81	73	64	67	60	70	67	60	63	65	53	68	69	68	75	64	69	60	41	67	57	64	50	76	52	58	70	50	61	74	47
GOUTA6	2	3	6	4	8	1	3	5	2	3	6	4	6	3	4	1	4	2	4	6	7	5	3	3	3	5	4	1	1	8	4	3	5	4	2	2	1	2	1	2	4	6	8	8	4	5	5	5	3	2	6	4	3	1	4	2	2	2	2	2	5	3	3	4	5	5	3	5	5	5	2	0	3	3	4	3	2	3	0	3	3	4	7	5	5	2	1	3	6	3	2	0	2	5	2	2	8	7	5	3
Gaiella	5	4	7	6	12	6	6	5	4	3	7	4	3	6	5	4	7	7	5	4	7	4	7	12	6	6	7	8	8	4	6	9	8	8	11	8	5	6	5	3	7	5	3	9	4	7	10	4	4	8	5	8	6	6	4	4	5	9	7	9	6	7	5	7	3	8	4	6	6	3	5	9	3	7	9	5	11	10	5	6	8	7	8	5	3	4	9	7	2	5	5	6	9	4	10	6	6	10	3	6
Galbitalea	5	3	1	8	2	4	2	5	2	0	0	7	1	3	6	3	4	4	3	0	4	2	1	5	1	4	3	2	3	3	1	3	2	1	3	2	3	4	1	3	4	4	3	6	6	2	2	4	3	3	1	3	2	0	2	4	2	1	1	1	3	2	3	0	5	2	1	7	4	4	2	4	3	4	1	5	6	1	4	2	2	4	4	3	5	1	4	0	3	1	7	3	6	1	4	5	2	3	3	2
Gallionella	5	8	8	9	3	6	7	9	5	7	6	8	3	3	4	5	9	3	5	5	8	6	5	5	6	7	7	2	5	10	6	8	7	5	3	9	4	12	12	5	8	4	7	6	6	9	2	4	10	3	8	4	8	9	8	3	8	4	0	12	8	6	4	2	5	3	4	3	4	4	4	9	7	3	8	4	5	8	4	4	6	4	8	9	6	5	7	3	7	5	9	2	4	4	4	9	9	9	4	3
Gemmata	4	0	2	6	2	8	4	0	3	4	2	3	6	2	3	0	2	0	2	1	2	0	5	2	0	3	2	4	2	0	3	5	3	1	2	3	5	3	1	4	3	3	3	1	1	1	2	1	4	4	7	3	4	2	2	2	7	2	5	1	2	4	3	2	2	3	1	5	3	4	2	5	5	4	5	3	4	1	2	2	0	2	5	3	3	1	3	2	1	5	4	5	1	2	3	3	4	0	3	2
Gemmatimonas	7	10	4	9	11	7	5	10	8	15	8	7	15	9	9	6	6	7	10	11	6	9	13	5	8	6	4	9	10	9	17	8	7	16	6	12	6	17	7	7	7	11	6	10	7	11	8	6	10	15	12	7	9	15	11	8	8	6	5	9	7	6	13	11	8	13	6	7	8	13	10	10	7	8	11	13	6	6	8	5	13	12	15	10	11	12	11	6	7	7	6	7	7	8	9	9	6	3	7	8
Gemmobacter	24	22	18	16	22	23	23	28	20	19	26	28	27	16	19	19	14	26	24	17	18	22	17	22	26	20	20	28	28	21	23	28	30	16	21	31	25	20	22	26	25	14	18	17	29	32	17	28	25	22	20	40	26	19	30	22	18	28	23	21	21	23	23	30	26	23	16	30	24	27	26	18	21	16	21	19	15	28	26	26	27	24	27	18	23	28	19	28	17	25	19	22	21	33	30	22	21	16	35	27
Geobacter	1	3	1	1	3	3	2	2	4	1	1	0	2	0	2	3	2	2	4	4	0	0	2	1	0	3	1	1	4	1	2	2	1	0	2	4	4	1	4	0	1	0	3	2	0	2	4	3	4	1	1	1	3	2	2	1	3	2	2	1	0	1	1	2	2	2	2	3	0	0	1	2	2	1	2	2	0	2	1	0	3	0	2	3	1	0	2	3	2	0	1	0	4	1	1	2	1	4	1	2
Georgfuchsia	1	2	4	1	1	1	4	2	2	0	0	2	1	3	5	0	2	3	2	1	5	1	3	1	2	1	1	2	3	4	1	0	2	1	2	4	2	3	1	2	1	1	2	6	3	2	2	1	2	0	4	2	1	6	1	0	2	0	1	3	0	3	2	2	2	5	2	3	2	1	3	2	2	2	1	4	0	2	4	3	1	3	0	2	0	1	3	3	0	2	3	1	3	3	1	1	3	3	1	4
Geothermobacter	0	6	1	2	4	4	2	4	4	1	3	8	7	6	4	6	5	2	5	2	8	6	4	9	2	2	5	2	5	3	3	0	4	5	1	5	6	7	7	9	5	7	9	4	1	4	5	4	2	8	6	3	5	7	6	3	7	7	4	3	4	8	4	4	2	6	5	6	4	2	3	3	4	4	2	8	6	2	8	3	3	3	0	2	5	4	5	7	3	5	3	8	7	4	7	4	4	4	6	2
Giesbergeria	4	4	3	6	1	3	5	1	3	10	7	3	3	4	3	4	5	4	3	3	3	1	3	4	3	2	5	3	0	5	6	4	5	3	3	2	4	1	3	7	5	3	7	4	4	3	5	4	6	3	4	3	0	2	2	4	4	3	5	5	4	0	4	7	1	3	5	7	4	6	2	5	5	4	3	0	6	0	4	5	6	6	7	6	4	4	7	6	5	1	6	2	8	5	7	0	3	2	3	3
Haematospirillum	11	8	15	8	13	21	13	13	12	22	15	15	14	7	15	15	12	19	15	20	14	17	9	12	13	17	13	11	16	16	13	11	14	13	19	15	10	17	14	16	10	10	13	18	14	16	16	15	14	10	7	12	21	16	13	15	13	23	16	12	20	14	22	14	14	15	12	9	14	15	13	15	14	13	13	18	14	9	8	13	12	11	15	17	18	14	9	14	9	11	17	12	14	15	11	14	13	13	11	12
Haliangium	33	23	29	25	36	25	24	18	26	22	26	28	24	22	29	27	17	31	21	33	28	28	33	31	20	36	25	32	24	17	28	31	30	39	29	26	27	37	37	22	22	31	29	29	32	28	30	24	23	21	26	27	26	30	25	27	26	38	27	28	36	21	23	17	34	19	28	20	33	22	29	21	24	26	17	19	21	21	32	22	33	34	24	23	24	34	27	27	26	36	31	25	29	18	23	29	29	21	32	31
Halovulum	4	2	4	6	3	4	3	2	3	7	3	3	6	4	3	7	2	5	5	6	3	4	4	6	5	5	6	3	2	5	4	10	3	8	6	5	8	6	8	6	3	2	4	7	2	2	4	6	6	4	3	7	4	4	6	3	2	11	2	2	2	3	4	9	6	2	6	3	2	4	3	3	4	3	5	6	3	2	5	0	8	7	4	5	2	6	4	3	4	1	7	3	2	3	1	2	5	6	4	5
Hansschlegelia	2	1	4	5	3	3	4	6	4	1	4	1	1	0	1	7	3	2	2	3	4	2	1	7	2	3	3	3	5	2	0	3	2	5	0	3	3	2	2	2	3	3	4	3	3	2	3	3	3	2	1	4	1	5	2	0	5	4	2	2	2	4	2	4	4	3	3	4	0	3	1	2	3	4	2	3	0	2	1	3	5	2	2	2	4	6	4	3	2	1	6	3	2	4	1	7	3	3	5	2
Helicobacter	8	4	1	4	2	1	3	4	7	4	5	2	3	5	3	5	2	2	1	4	9	2	3	3	2	3	7	6	8	6	4	3	1	4	4	5	3	7	2	3	5	3	7	4	7	5	5	3	6	7	3	5	3	5	3	5	8	4	4	6	4	3	3	4	1	1	8	1	3	5	4	4	2	5	5	2	5	3	3	2	4	1	0	5	6	1	4	2	6	4	5	5	4	3	3	4	2	3	4	1
Hydrogenophaga	163	172	140	171	175	163	150	174	184	183	164	170	183	185	174	175	155	190	171	193	179	173	178	161	207	162	155	159	173	144	159	179	158	168	167	163	161	189	156	176	177	148	184	169	187	177	179	171	195	182	154	173	157	195	172	186	161	164	166	169	178	179	177	197	156	199	182	177	166	161	179	138	177	183	171	188	189	175	180	178	157	156	189	153	206	161	177	198	169	180	142	168	161	168	172	172	164	163	166	193
Hylemonella	3	1	1	1	1	1	1	5	0	0	2	1	2	2	0	4	2	1	0	1	2	1	1	0	3	1	3	1	1	2	3	2	2	2	2	0	2	2	1	0	2	1	3	0	2	1	2	3	3	1	2	0	3	0	1	2	0	2	0	1	2	0	0	2	0	0	5	3	2	2	1	3	3	0	0	1	1	1	0	1	1	0	4	3	0	1	0	5	2	0	3	1	1	3	0	2	2	2	1	1
Hyphomicrobium	59	65	61	70	50	71	52	61	66	69	73	70	75	68	82	72	69	74	70	59	65	55	61	64	78	69	89	59	61	59	72	71	59	49	54	69	60	67	68	67	67	72	69	68	67	62	78	60	67	55	63	71	75	75	59	58	62	61	75	65	66	89	71	71	67	65	64	63	62	58	76	73	68	62	74	55	74	64	60	60	73	79	65	66	67	78	58	63	72	64	60	77	70	61	64	62	67	50	68	64
IMCC26134	23	18	21	16	21	24	19	26	21	25	25	23	23	23	24	12	20	19	15	27	22	23	28	12	21	13	25	29	22	23	25	18	10	24	16	18	18	22	21	20	25	22	25	17	20	19	22	15	25	22	25	26	15	23	22	32	9	21	24	18	25	22	18	34	27	27	25	25	8	24	12	27	21	11	21	24	26	26	22	15	15	21	21	13	28	17	16	20	16	27	31	25	18	36	27	14	21	19	27	16
IMCC26207	2	7	3	8	2	4	2	3	3	4	2	2	4	6	3	2	5	3	2	3	3	4	5	2	3	3	4	3	2	4	0	3	3	5	2	4	4	1	5	0	4	0	3	3	5	4	4	3	5	1	1	0	1	6	5	5	4	1	4	2	4	1	4	4	5	2	3	2	3	4	2	5	1	5	1	3	4	2	7	5	2	2	3	2	2	2	1	4	2	4	3	2	2	2	2	5	1	0	0	2
Iamia	1	1	2	2	3	5	1	2	7	0	3	0	3	2	1	5	5	5	4	4	3	4	6	8	1	1	5	1	2	2	2	3	5	5	2	5	1	2	2	1	5	1	2	3	6	6	6	3	9	10	4	2	3	4	2	3	3	3	3	3	0	5	5	3	4	3	4	3	4	4	3	2	3	10	4	3	2	0	0	3	1	1	0	2	1	2	4	5	3	4	2	4	2	2	3	3	1	8	2	5
Ideonella	11	15	18	30	13	20	16	29	20	19	15	14	18	26	15	12	19	14	14	15	23	17	17	12	17	14	13	15	15	16	21	18	13	18	19	18	18	12	18	10	24	19	16	17	20	13	23	28	12	19	21	18	20	10	17	14	18	22	14	22	17	21	16	20	18	9	18	17	22	17	16	17	18	16	22	14	17	13	20	16	18	13	20	20	15	14	17	16	21	18	22	20	21	18	17	22	18	8	17	15
Ilumatobacter	6	7	9	3	10	11	7	7	7	13	5	6	11	8	9	16	14	6	6	7	11	9	6	7	10	8	6	4	10	10	7	7	6	6	6	4	6	9	6	4	5	10	5	8	5	11	7	6	5	9	11	13	4	7	5	9	7	7	6	6	6	6	3	4	4	8	5	11	14	2	6	6	5	7	3	3	9	5	5	9	11	7	10	9	9	14	7	6	10	8	6	7	7	7	4	5	4	9	11	6
Inhella	3	6	7	9	7	5	10	6	9	1	2	9	5	2	7	7	7	3	1	5	7	7	7	8	7	10	4	7	5	11	8	8	6	7	3	6	5	8	4	9	8	5	11	6	4	7	5	8	6	7	1	6	11	9	8	5	6	5	8	5	4	8	7	3	4	11	5	6	2	9	7	8	6	3	8	6	6	6	11	13	2	8	7	5	5	8	9	3	5	7	8	2	2	6	7	3	10	8	12	4
Intestinibacter	8	17	15	5	13	7	11	11	16	14	9	8	15	15	12	15	12	14	12	12	12	14	13	15	14	11	7	20	23	14	9	10	9	13	14	9	14	10	11	14	10	12	12	21	8	9	13	12	10	17	14	10	16	13	10	16	11	17	9	13	11	17	7	13	11	10	13	14	14	15	16	13	8	13	18	13	10	8	14	11	11	14	14	8	12	8	11	17	12	15	8	10	9	8	10	13	10	9	9	13
Janthinobacterium	0	4	3	5	1	4	0	2	7	3	1	2	5	4	2	5	3	1	4	3	1	4	2	5	3	2	2	3	1	4	2	5	4	6	1	1	4	4	1	2	4	4	2	5	1	3	1	6	3	5	4	5	4	3	5	3	6	4	2	4	3	5	2	3	1	2	5	4	2	2	4	4	3	2	8	2	4	1	3	6	3	2	4	1	1	4	1	4	2	4	1	4	2	4	1	4	2	2	3	7
Kaistia	4	2	4	4	6	2	1	6	5	4	0	2	2	5	8	2	1	4	1	3	4	4	5	6	5	2	4	1	4	4	2	0	2	1	1	6	3	4	4	4	6	0	1	3	4	2	0	3	2	3	2	1	3	5	4	4	8	3	2	3	2	2	5	1	2	4	1	1	2	1	4	2	1	4	3	4	2	3	2	0	2	3	2	2	7	2	3	4	5	6	7	3	2	4	4	2	3	1	4	1
Ketogulonicigenium	3	4	4	3	8	6	7	2	5	2	7	4	7	4	5	4	7	5	6	6	3	6	5	1	5	5	5	5	6	6	2	6	2	7	2	4	5	3	2	4	4	4	6	5	3	2	7	5	2	3	9	6	5	9	2	7	2	4	5	6	6	3	5	6	2	6	7	6	4	1	3	5	4	5	4	7	4	6	5	9	5	4	6	4	5	5	3	10	5	6	5	6	7	8	6	5	3	3	4	5
Kineosporia	2	0	0	3	1	2	2	2	1	2	0	0	1	0	1	0	3	3	4	3	2	1	2	0	0	2	0	1	3	0	2	3	0	0	0	0	1	3	2	3	2	2	6	2	3	3	2	3	2	1	3	2	2	2	1	1	0	1	2	1	3	1	2	1	1	0	2	2	0	0	0	1	1	2	0	1	0	1	0	0	3	1	1	1	1	4	2	1	3	4	3	2	1	1	0	1	2	2	1	2
Lachnotalea	6	1	3	3	2	2	7	2	5	7	5	2	3	2	4	4	3	2	2	1	3	2	0	1	0	2	0	1	3	0	2	2	2	0	1	3	1	3	2	3	4	4	3	1	2	3	5	3	4	3	3	5	2	1	5	2	3	2	1	1	2	6	2	5	1	1	3	3	1	4	1	1	1	3	4	4	1	1	3	1	2	2	3	6	7	2	1	1	1	2	1	0	1	4	4	5	1	4	3	2
Lacihabitans	5	3	5	3	1	2	1	4	7	3	4	7	2	5	5	8	5	4	8	4	2	2	2	5	8	5	2	2	2	4	2	3	7	2	1	6	3	6	4	6	3	3	5	7	8	6	7	8	7	7	3	2	9	6	7	5	0	3	3	6	3	7	4	6	1	6	2	5	4	4	5	7	3	6	3	4	3	5	4	7	3	3	3	6	4	4	5	6	2	0	4	9	6	3	1	7	3	7	5	7
Lactobacillus	4	3	3	5	5	1	6	3	1	4	4	4	6	5	9	4	5	1	5	4	5	4	5	3	5	2	3	2	3	4	4	3	3	4	2	3	2	3	4	7	2	5	6	4	6	4	2	5	7	5	5	3	4	2	3	3	3	5	3	4	5	4	2	4	3	1	5	4	1	1	2	4	4	3	3	3	3	7	6	1	2	5	5	1	3	3	2	5	0	4	2	4	0	4	3	4	1	3	5	3
Lacunisphaera	25	19	20	11	22	20	20	15	22	9	21	11	28	14	14	19	21	15	17	10	21	22	17	18	16	18	16	17	21	19	14	17	18	15	28	14	12	21	17	18	17	18	11	23	14	23	16	19	20	19	20	15	20	15	12	33	17	17	14	13	12	22	19	25	21	14	14	20	14	17	18	15	19	20	21	20	21	15	18	11	21	20	15	17	17	13	14	17	18	18	16	16	15	17	16	17	18	19	22	21
Lautropia	3	4	6	3	1	6	6	5	3	7	5	3	4	2	2	3	2	1	5	7	5	4	7	4	3	3	5	4	4	3	4	2	3	5	5	9	3	2	4	1	6	4	5	5	0	5	3	0	7	4	1	4	3	3	3	3	6	7	3	5	3	5	5	6	7	5	4	6	6	3	5	5	8	2	5	3	3	4	7	7	3	3	6	3	6	3	4	7	11	3	6	7	0	12	4	6	2	4	2	0
Legionella	34	24	31	28	23	29	37	29	28	26	30	29	35	37	34	31	42	32	19	27	36	37	24	28	26	39	28	24	33	40	26	48	41	37	34	18	24	27	39	31	26	28	23	40	26	27	27	25	23	33	31	32	24	29	30	30	27	29	33	31	23	33	30	32	28	25	25	38	25	32	29	27	34	21	34	30	25	29	40	29	36	36	32	31	36	36	33	32	28	28	25	23	25	20	40	26	24	22	22	27
Lentisphaera	13	11	12	6	9	13	9	11	9	17	18	10	12	15	7	15	9	6	11	7	11	6	15	15	10	8	8	8	13	13	10	19	14	10	11	10	17	11	7	9	12	14	19	14	12	13	10	12	14	12	9	8	9	13	12	14	15	11	9	10	13	4	13	12	15	13	6	21	13	18	14	8	19	15	15	11	14	10	16	22	6	19	10	13	11	9	13	8	17	14	10	17	8	10	8	12	10	17	9	13
Leptothrix	14	15	13	15	17	19	10	14	12	10	21	19	9	16	12	16	16	15	13	21	18	21	9	22	11	17	19	12	12	11	20	13	18	15	18	16	17	9	14	11	26	15	18	11	21	14	15	24	23	16	11	9	16	14	21	17	18	19	19	21	17	19	14	20	17	16	13	20	14	15	19	22	28	18	19	21	16	17	18	16	23	10	14	12	15	18	26	8	21	21	13	16	18	14	19	18	16	17	22	33
Leucobacter	5	13	6	8	7	11	6	3	13	9	6	7	5	6	12	9	10	7	13	10	10	3	8	12	6	7	8	9	9	9	9	6	7	7	8	6	4	4	9	9	12	6	12	6	7	7	7	5	17	4	8	5	8	7	7	5	12	11	9	6	2	3	5	5	11	7	9	9	6	8	7	11	15	11	10	8	6	2	12	9	11	7	10	2	5	8	5	8	5	9	7	5	1	7	7	11	11	5	7	9
Limnobacter	16	17	15	8	17	10	14	12	8	15	15	14	11	16	9	19	12	9	16	11	12	10	10	9	13	26	9	16	8	11	18	11	8	14	13	8	13	13	12	19	11	14	13	21	8	13	16	12	11	17	15	13	12	13	12	12	20	10	11	12	15	21	7	20	25	9	12	7	20	16	10	16	9	13	15	14	14	10	15	14	14	21	13	18	11	12	9	15	13	10	14	13	19	16	12	11	13	12	16	17
Limnohabitans	10593	10581	10530	10509	10705	10643	10593	10680	10552	10597	10608	10616	10484	10592	10443	10515	10767	10644	10738	10529	10502	10661	10460	10572	10316	10559	10453	10675	10622	10694	10485	10638	10478	10458	10537	10583	10580	10510	10517	10512	10613	10552	10604	10686	10563	10628	10500	10464	10597	10547	10593	10643	10435	10618	10524	10715	10658	10460	10559	10530	10587	10616	10623	10674	10635	10625	10474	10602	10612	10558	10489	10679	10573	10605	10562	10558	10581	10552	10541	10647	10706	10576	10530	10507	10635	10516	10641	10525	10414	10633	10716	10474	10671	10732	10677	10662	10631	10696	10345	10685
Listeria	5	3	2	0	3	4	3	4	3	2	1	2	4	1	5	2	3	7	3	4	6	3	3	2	6	0	2	3	4	4	1	2	3	3	5	4	4	2	3	3	4	2	3	3	0	8	4	3	6	2	4	1	2	4	7	2	2	2	3	3	5	1	0	7	1	2	0	3	5	2	1	2	0	1	3	5	4	2	5	5	3	3	4	2	1	6	1	5	5	0	7	1	5	2	3	1	1	2	1	3
Lysinibacillus	1	3	1	2	2	1	1	0	0	4	0	1	1	4	2	3	2	5	2	2	3	3	2	1	3	0	2	1	1	2	0	2	1	1	3	3	1	2	2	1	1	0	0	2	1	1	2	2	1	3	1	2	1	0	4	5	2	1	1	0	1	1	2	3	1	1	2	3	2	4	2	1	2	0	2	2	2	2	0	0	4	2	2	4	1	0	2	3	3	2	2	0	2	0	2	3	3	1	2	1
Lysobacter	1	3	4	1	3	2	6	3	1	2	1	8	1	3	4	2	1	5	4	2	6	1	1	3	4	1	3	1	4	0	6	6	4	2	3	3	2	3	4	2	1	3	1	2	4	4	2	4	3	4	0	2	2	0	3	4	3	3	3	2	7	5	3	4	4	1	2	2	3	3	2	2	2	1	5	3	0	3	3	1	2	5	5	2	5	0	0	3	4	3	4	2	2	1	3	6	0	3	4	4
MM1	2	4	3	2	3	3	8	4	1	3	4	4	2	5	8	4	5	11	3	4	6	2	1	4	3	7	5	3	3	6	1	3	4	4	5	4	3	6	4	4	2	5	6	2	5	3	2	1	3	6	5	3	1	4	3	6	2	4	7	2	5	3	2	2	2	1	5	4	5	2	3	3	4	4	2	3	3	4	5	0	5	4	4	1	6	4	3	5	4	4	4	3	7	2	6	6	4	4	3	2
MND1	17	21	22	27	23	20	27	26	20	18	28	30	25	28	26	22	18	23	20	24	25	23	23	23	22	22	19	33	24	35	19	20	21	23	25	28	25	32	23	31	29	22	27	22	33	19	27	22	21	32	22	28	22	19	21	22	21	22	25	30	21	20	21	23	22	26	28	29	27	26	21	19	16	29	26	24	22	23	20	22	25	21	27	19	21	12	15	21	21	24	19	26	22	26	19	25	25	18	35	26
MWH-Ta3	133	155	157	129	144	129	138	161	148	156	145	142	148	156	152	167	120	150	152	134	151	141	136	122	152	147	173	159	158	137	147	142	127	152	147	126	143	136	140	128	153	142	144	153	160	177	144	158	142	139	130	149	138	143	148	162	144	168	138	133	154	117	130	139	120	145	165	164	136	153	139	162	148	131	139	150	126	147	155	142	164	148	132	169	142	155	122	154	146	163	131	165	134	166	125	139	124	149	130	151
Magnetospirillum	12	11	7	6	14	11	7	8	9	11	10	11	7	11	5	7	9	5	6	15	11	12	8	15	11	14	9	13	9	13	12	10	6	9	10	7	9	7	10	13	7	10	7	10	6	7	8	13	9	11	8	10	9	12	15	4	15	12	11	8	8	8	9	7	5	5	12	5	16	11	11	10	11	13	8	11	7	7	7	14	11	9	6	11	13	9	14	8	9	8	6	10	10	11	13	11	10	13	14	13
Malikia	28	30	34	29	19	27	30	32	23	33	32	30	27	25	22	29	27	24	31	27	35	23	22	24	29	35	33	18	24	28	18	36	38	22	29	23	25	32	21	28	29	23	22	27	31	28	27	31	28	24	22	28	23	39	29	28	34	25	33	24	26	23	35	35	28	29	26	27	21	34	37	27	32	24	25	33	21	28	28	23	27	36	17	22	29	23	33	23	30	30	19	32	33	18	23	32	27	21	35	16
Massilia	13	9	17	17	16	10	4	14	11	13	9	8	10	12	11	14	12	8	7	8	13	5	14	13	11	12	15	15	9	15	6	10	15	7	13	7	9	16	13	8	12	7	7	16	17	10	10	9	12	8	19	5	9	12	9	9	11	6	9	6	13	13	6	8	9	10	7	12	11	5	12	8	18	11	10	14	12	14	5	8	7	6	12	8	15	10	3	5	14	6	8	5	8	14	11	7	7	13	12	10
Mesorhizobium	6	4	6	9	4	8	3	1	1	6	13	2	6	3	5	5	6	8	8	6	3	6	6	5	12	5	3	7	5	2	11	6	10	4	6	10	5	6	7	2	5	3	4	9	8	6	8	4	9	2	2	8	5	3	4	2	8	5	10	5	7	8	7	10	6	7	7	8	6	7	12	4	5	6	7	6	7	3	7	6	6	9	7	13	8	9	8	11	5	8	4	4	5	5	4	10	7	7	10	3
Methylocystis	2	3	3	2	4	3	1	2	1	2	2	3	5	3	3	1	1	0	0	3	0	1	4	0	1	1	1	0	0	0	2	1	4	0	2	3	2	2	1	3	1	3	4	4	3	0	0	4	1	4	3	9	2	1	4	2	4	5	1	3	1	1	1	4	4	2	2	1	3	1	3	3	2	5	5	0	4	1	2	1	4	5	7	4	1	2	2	0	3	1	2	0	3	3	0	4	3	1	3	4
Methylophilus	10	4	9	5	4	4	7	4	4	8	9	10	6	4	6	3	11	7	9	4	6	7	7	5	5	4	8	4	2	8	6	6	5	9	5	8	8	6	6	4	6	9	9	8	4	5	5	5	7	5	11	8	6	10	7	4	5	8	7	7	6	7	10	8	9	4	8	7	6	10	11	6	8	7	1	5	8	6	7	8	6	11	6	5	7	5	9	7	2	8	7	3	8	3	7	5	7	7	4	10
Methylotenera	19	13	11	12	9	10	12	9	21	12	13	13	9	13	13	13	8	17	6	10	9	18	9	13	14	12	16	9	13	7	13	9	13	12	13	8	8	12	12	10	12	11	12	13	14	15	11	9	16	12	8	16	15	7	13	9	13	13	12	14	15	16	17	10	11	13	21	10	5	16	10	7	10	10	12	16	13	11	8	7	6	9	15	10	10	10	13	10	7	16	9	10	14	12	9	12	6	12	11	10
Microbacterium	1	1	2	1	3	0	3	3	4	1	3	1	1	1	2	3	1	1	3	0	2	1	0	2	2	1	4	5	2	1	1	1	0	5	0	3	3	5	1	0	3	1	1	3	0	1	0	3	0	2	0	3	3	4	4	0	2	3	3	2	2	5	2	4	1	1	0	2	1	4	2	2	3	2	3	0	2	1	1	0	2	1	4	1	0	2	3	1	2	2	1	1	1	2	0	1	4	4	2	2
Micropepsis	1	1	1	4	2	2	1	1	1	0	3	3	4	2	2	2	1	3	1	1	1	2	0	6	2	3	3	3	6	0	1	3	3	2	1	3	2	1	1	5	5	3	1	2	3	5	0	4	1	4	3	2	5	0	2	5	2	4	0	2	2	1	5	0	4	4	2	2	2	4	4	1	2	2	1	2	3	4	2	4	2	2	2	1	5	5	3	0	1	1	2	4	4	0	3	3	2	3	1	3
Microvirga	5	5	5	8	4	1	3	2	0	0	2	1	1	1	1	3	4	1	2	2	6	2	2	5	6	3	4	4	4	2	5	6	2	3	4	2	2	1	5	5	1	5	3	4	2	3	4	2	3	3	3	7	5	4	5	2	2	3	1	5	3	3	3	6	3	4	4	5	4	0	5	7	2	2	4	6	1	5	2	1	5	6	0	4	9	3	3	4	4	3	5	3	6	4	4	2	3	4	3	0
Microvirgula	0	2	0	4	3	0	4	2	2	3	4	2	1	4	1	1	1	6	6	5	3	3	1	2	8	1	2	1	2	3	1	2	2	4	5	5	3	6	1	4	2	5	4	4	2	3	2	1	1	2	1	2	2	5	4	1	3	2	3	6	1	4	3	3	1	3	2	3	1	3	2	3	6	1	1	1	2	0	1	3	2	2	0	5	0	4	2	3	4	2	1	6	3	2	5	5	4	2	6	3
Mucilaginibacter	5	7	7	6	6	5	8	5	3	6	6	4	5	5	5	1	5	4	4	6	6	6	5	4	8	3	5	3	4	4	7	8	7	5	8	6	7	7	8	9	6	9	3	4	9	5	7	7	7	5	2	5	7	8	4	4	6	6	9	6	9	5	2	7	3	9	5	6	4	4	3	1	8	4	5	5	7	6	5	7	10	5	6	2	4	6	2	3	7	5	7	9	4	4	5	4	5	7	5	6
Nannocystis	4	1	1	2	1	0	4	1	0	2	5	4	0	0	2	0	2	2	2	2	2	1	3	2	2	1	0	1	1	2	2	0	1	1	4	1	2	2	2	1	7	3	1	4	1	1	2	3	0	4	1	1	1	4	4	3	2	2	4	2	0	2	1	2	1	1	5	1	4	5	0	1	2	3	4	5	3	3	1	3	4	1	0	1	1	1	3	0	3	0	2	2	2	1	4	0	1	0	1	0
Nitratireductor	7	11	11	8	10	10	17	10	12	5	12	15	17	6	14	7	11	10	18	8	20	10	12	13	11	15	19	9	7	11	11	11	24	5	13	9	14	9	4	18	15	11	12	12	14	10	13	10	10	16	15	8	9	12	18	17	14	8	9	13	15	11	10	18	9	15	15	14	16	12	17	11	11	15	9	20	16	13	11	12	12	15	6	13	11	18	6	12	14	19	22	11	15	16	13	5	12	15	16	9
Nitrospira	12	12	15	18	23	14	12	11	13	15	12	15	19	9	10	13	16	20	14	14	13	14	16	23	16	14	12	12	22	15	16	12	22	21	19	10	12	16	18	19	16	18	17	16	11	21	21	15	19	16	17	17	9	14	16	16	13	23	18	14	19	13	15	15	14	12	11	18	21	12	18	14	13	13	12	13	22	20	16	16	18	22	13	15	15	18	14	13	16	18	13	14	9	15	13	20	18	13	17	19
Niveispirillum	27	29	37	28	39	29	50	39	42	41	36	35	42	32	40	32	33	49	42	31	32	35	40	37	47	40	43	34	34	40	33	38	37	37	39	41	48	50	36	30	37	33	34	39	33	50	23	36	38	43	32	34	41	40	39	28	40	33	42	35	30	30	28	31	36	30	31	31	31	37	36	37	36	49	49	25	38	31	34	40	24	38	31	35	37	45	45	43	36	32	32	36	36	29	38	38	41	33	51	35
Nocardioides	7	2	4	4	5	2	5	6	4	4	3	7	2	3	3	4	3	4	1	5	7	4	3	4	7	4	3	3	4	7	6	5	6	3	2	6	4	4	5	7	2	6	3	3	6	5	5	3	5	3	3	4	5	10	4	3	6	5	9	4	2	3	5	5	3	7	4	5	3	2	2	4	2	2	5	6	5	4	2	2	6	6	2	4	5	5	1	2	4	4	4	8	5	5	3	3	3	3	1	4
Nordella	36	46	33	38	36	40	34	48	35	45	42	39	32	38	35	41	41	38	38	39	48	26	33	50	54	40	29	36	33	25	37	32	37	32	38	43	36	30	43	31	33	34	24	31	40	36	26	30	26	44	32	29	45	36	44	33	40	37	33	39	50	37	39	36	34	36	52	37	46	42	39	38	35	38	35	49	46	28	44	47	43	35	54	39	34	36	42	38	34	47	39	38	48	34	52	45	38	32	37	44
Novispirillum	5	1	2	1	0	1	1	2	1	0	1	1	1	1	4	1	0	1	0	1	1	2	7	3	2	1	4	2	3	1	1	3	1	3	2	3	2	1	2	4	2	4	3	0	1	2	2	1	1	0	2	0	0	2	3	2	3	1	2	4	1	1	0	2	1	1	1	3	2	2	2	1	2	1	2	1	0	1	0	0	1	2	2	1	2	2	3	0	3	3	4	2	2	3	2	4	1	3	2	3
Novosphingobium	192	184	213	183	201	202	185	193	200	207	191	200	177	196	199	216	176	176	183	181	209	190	181	189	196	196	188	196	210	194	189	179	179	205	197	197	200	195	211	178	184	189	200	212	202	189	206	213	203	212	208	177	188	199	195	198	210	179	214	204	186	206	189	174	199	211	180	192	188	185	215	201	176	197	186	190	208	171	174	180	196	215	192	203	218	211	193	204	193	172	198	183	201	196	234	198	193	190	201	183
OLB12	5	1	3	4	2	1	4	6	2	4	2	1	4	3	4	4	5	0	1	2	6	5	3	3	3	4	1	2	3	1	2	3	4	5	1	5	3	2	2	2	2	3	2	5	5	1	1	1	3	6	2	3	4	7	2	0	2	2	6	2	1	3	0	2	4	1	1	4	3	2	2	1	3	3	2	1	3	1	2	4	4	2	4	4	0	3	2	3	4	3	2	3	5	1	0	2	1	3	1	2
OM27 clade	6	6	2	4	3	9	4	5	6	9	4	8	3	6	7	6	5	5	6	4	0	6	9	9	5	5	5	2	4	6	5	3	1	7	7	9	4	8	6	4	4	4	8	4	5	4	5	6	7	5	7	3	7	6	4	5	2	5	4	9	8	10	5	4	6	8	5	7	4	5	4	3	3	8	3	6	2	4	5	6	5	3	3	3	4	5	8	4	6	4	3	8	5	7	4	3	4	7	6	2
Oligoflexus	1	6	3	5	5	6	6	2	8	10	6	4	5	9	6	7	5	6	7	2	5	4	6	6	4	3	2	7	4	5	5	6	3	2	9	9	9	9	7	6	6	7	5	4	11	4	9	10	5	7	5	7	7	8	1	7	9	7	7	14	8	2	8	5	8	9	4	4	5	8	9	3	4	8	2	11	6	8	7	9	8	6	6	8	5	7	6	7	2	6	3	8	8	7	5	6	11	5	9	6
Opitutus	1	2	6	5	7	3	6	3	4	5	6	6	4	3	4	7	7	6	5	6	5	10	3	3	6	1	3	5	8	2	4	7	3	11	2	9	6	4	3	3	6	6	8	6	4	2	8	5	4	2	6	3	5	5	7	2	7	10	5	1	3	8	5	2	9	6	4	8	1	2	6	6	6	10	8	6	6	2	4	6	8	8	5	5	3	4	5	3	4	7	11	7	5	7	4	4	4	2	3	3
Paenibacillus	14	13	15	7	10	20	18	10	21	20	8	16	15	12	10	10	8	17	21	13	10	17	18	8	14	16	7	9	10	16	16	11	19	16	15	12	11	13	13	10	11	13	11	13	12	16	14	13	9	13	9	10	11	9	18	21	15	19	13	17	22	14	15	6	14	12	20	8	5	15	15	9	15	13	10	17	16	10	15	9	13	13	17	11	14	20	14	13	12	16	16	12	18	15	10	19	13	12	7	9
Paeniclostridium	0	3	1	2	0	2	0	1	3	1	3	1	5	2	1	3	0	1	1	3	1	7	5	1	2	3	1	7	4	4	5	1	2	2	4	3	2	2	3	3	1	5	2	3	3	2	3	4	3	2	1	7	2	3	3	7	4	2	0	3	3	1	4	5	3	3	3	0	4	2	5	1	3	2	2	2	1	0	3	1	2	3	4	2	2	2	1	0	2	2	7	1	4	2	2	1	2	1	2	4
Paenirhodobacter	1	4	3	1	2	2	2	2	4	4	4	5	1	4	5	0	5	5	4	5	2	2	2	3	4	3	5	5	4	1	2	2	7	7	6	2	1	4	5	4	3	4	4	6	2	4	2	0	4	4	3	3	4	3	3	1	2	5	2	7	4	2	1	8	4	1	9	3	3	2	3	5	2	2	2	4	3	1	6	1	3	3	5	6	6	4	1	3	3	5	0	6	7	0	5	2	1	4	3	4
Pantoea	7	7	8	12	5	10	7	9	14	9	12	5	7	8	8	9	10	10	12	9	12	9	4	8	9	11	4	15	5	10	9	4	10	11	8	7	10	11	11	10	8	9	6	4	6	5	9	12	8	7	11	13	12	7	12	13	6	11	8	10	6	7	10	12	6	10	7	7	7	7	6	20	14	7	12	8	6	16	10	5	16	7	12	8	7	8	8	7	7	6	11	7	10	16	8	9	7	7	4	4
Paracoccus	6	2	4	5	5	6	3	3	3	3	11	4	2	4	3	8	3	6	4	3	4	4	1	5	6	5	3	6	2	8	6	3	3	4	7	3	6	4	3	2	2	4	4	6	3	5	4	2	7	6	1	3	4	2	3	1	3	6	4	6	2	5	3	5	2	3	1	1	1	2	7	3	4	7	3	4	0	2	4	6	3	7	3	7	3	5	4	3	4	3	3	4	4	6	3	4	5	2	3	4
Paucibacter	4	12	11	11	17	13	4	6	10	12	14	8	10	13	12	13	6	11	5	18	12	15	8	13	9	5	9	11	2	11	10	9	8	11	12	6	9	6	12	8	8	3	8	10	15	9	8	11	17	12	6	10	12	6	8	10	6	11	9	13	13	14	11	15	12	15	13	13	6	2	11	8	10	11	10	5	7	11	8	7	10	8	13	8	6	12	12	4	6	10	15	8	8	4	11	10	10	13	13	3
Pectobacterium	3	3	3	4	6	5	3	4	5	4	9	12	4	2	2	4	3	3	3	2	2	4	3	2	5	5	4	1	7	5	1	7	3	5	5	2	2	5	1	10	4	8	2	5	5	3	3	5	2	3	3	3	6	4	3	3	5	5	3	4	5	3	2	5	2	6	4	6	3	9	7	5	3	5	7	6	3	7	3	5	4	6	5	3	6	3	5	2	6	3	3	6	5	3	2	5	3	3	3	3
Pedobacter	5	1	2	2	3	1	3	2	1	2	1	2	0	2	2	3	2	2	2	3	3	3	1	1	2	0	0	1	4	1	4	1	4	4	3	1	3	1	0	0	4	1	0	3	3	2	4	1	1	3	4	3	3	4	2	2	3	1	4	2	4	0	3	1	4	2	3	1	2	4	2	2	5	2	2	3	1	2	3	1	3	1	4	0	4	3	0	2	2	6	6	1	2	1	5	1	5	4	1	3
Pedomicrobium	28	40	22	31	20	27	31	35	36	24	35	30	29	30	32	35	36	25	32	30	22	36	36	29	30	34	26	29	29	26	28	36	23	25	36	25	33	23	29	26	23	24	26	36	35	32	20	31	22	32	29	33	25	40	33	32	32	29	24	25	26	39	24	38	41	34	25	27	31	36	36	37	28	20	28	33	33	27	33	26	27	25	22	25	22	30	38	27	27	24	26	27	38	28	34	23	31	33	26	36
Pelomonas	8	11	11	4	11	8	15	8	9	8	11	10	8	11	9	11	15	14	5	13	12	7	8	15	12	8	7	6	9	8	11	9	10	7	12	8	9	8	6	5	10	7	9	7	10	8	3	11	7	7	6	12	11	14	14	7	13	9	12	6	8	17	6	4	10	12	7	16	10	9	8	7	15	9	8	9	12	7	8	7	3	6	7	7	6	3	9	13	16	9	12	10	7	6	9	9	7	7	11	5
Pelosinus	2	2	1	2	2	3	1	1	0	3	4	3	4	0	1	3	3	0	2	3	2	2	1	4	2	2	6	3	4	2	1	4	3	1	2	1	0	2	2	3	4	2	3	4	2	2	1	4	2	1	0	2	4	0	2	6	2	1	5	5	3	2	0	2	5	8	2	2	2	2	3	5	3	1	3	5	2	2	1	5	1	4	3	0	3	1	3	3	3	2	3	1	2	1	2	3	2	0	3	1
Perlucidibaca	9	22	15	10	13	16	16	16	13	10	9	5	9	8	16	16	19	13	15	14	12	8	16	7	18	14	17	22	10	12	12	12	9	14	10	6	6	9	9	11	15	8	10	8	12	20	14	12	16	16	16	13	8	7	10	13	8	13	11	11	7	8	12	13	12	14	11	11	9	12	5	15	13	15	8	14	14	14	10	10	9	10	17	8	11	13	12	11	17	13	15	13	13	14	16	13	7	14	9	11
Phascolarctobacterium	0	2	1	1	3	0	2	1	6	1	2	2	2	3	4	2	3	0	1	3	2	2	0	1	2	4	2	3	4	1	3	0	3	3	2	1	0	1	1	4	2	5	3	1	5	5	0	3	2	0	1	2	1	1	3	1	2	0	3	0	3	3	1	1	0	1	4	0	1	2	3	1	2	1	3	3	4	2	0	4	0	0	0	2	0	2	1	3	0	0	1	2	4	2	3	1	2	2	4	2
Photorhabdus	2	1	1	1	0	1	2	2	2	2	0	1	2	0	1	4	2	1	1	3	0	1	1	2	4	2	2	1	1	3	2	0	1	1	1	2	2	0	1	2	1	2	1	1	2	4	0	0	4	0	3	1	0	1	0	1	2	4	3	1	1	1	0	2	0	2	0	1	0	2	1	2	3	0	1	1	3	0	1	2	0	3	3	2	3	1	2	1	4	3	2	0	2	1	1	2	1	1	2	1
Phreatobacter	10	14	16	18	12	18	17	14	14	17	11	16	16	12	21	16	18	20	9	10	14	16	18	17	21	13	11	15	17	12	14	14	9	13	16	9	24	16	10	16	11	14	18	13	18	10	14	14	19	20	14	14	10	18	12	14	22	19	20	15	17	14	18	13	15	31	14	11	16	9	11	18	18	13	9	16	15	18	19	18	19	17	21	10	14	19	17	12	10	22	14	17	15	22	23	17	12	18	13	12
Pirellula	0	4	1	4	4	4	6	2	3	2	4	6	3	7	5	4	2	6	0	3	6	5	4	2	3	1	1	4	3	3	5	4	3	3	3	0	3	6	5	3	3	8	3	2	2	3	2	5	4	1	0	2	4	3	4	3	1	0	2	1	0	5	0	5	3	4	5	2	4	1	1	1	1	4	0	3	1	2	3	1	2	4	4	0	2	1	4	3	4	3	4	4	0	1	1	2	3	2	3	4
Polaromonas	7	6	6	5	5	6	7	4	7	1	4	5	7	4	3	2	8	4	5	6	6	9	5	6	7	6	2	6	7	6	5	7	8	8	7	6	3	6	4	6	7	6	7	5	7	2	8	11	6	4	7	8	10	4	8	6	4	6	10	6	6	6	4	6	5	9	9	5	4	6	5	6	7	6	5	4	5	5	3	10	8	5	7	4	4	8	6	6	7	7	8	4	4	7	7	7	7	2	4	8
Polynucleobacter	409	441	450	461	430	449	428	420	436	416	399	424	436	409	430	426	397	417	435	414	413	411	408	403	454	419	423	413	427	429	417	418	463	418	443	438	409	421	427	399	418	433	466	423	398	425	434	434	385	436	448	439	435	426	419	414	420	403	411	448	448	428	439	418	420	387	437	463	416	429	459	429	449	458	435	404	453	425	446	439	438	474	408	442	431	414	443	453	403	385	419	422	429	403	410	425	418	440	382	432
Porphyrobacter	21	15	23	19	20	21	24	20	23	17	24	17	15	23	24	32	12	10	22	22	25	27	24	25	21	24	19	16	18	20	25	20	14	23	10	19	19	25	20	29	25	22	26	24	27	17	20	16	23	16	21	22	10	19	21	21	25	23	19	19	21	31	25	25	29	27	19	23	25	24	19	17	19	21	14	28	18	20	22	19	24	16	18	15	22	24	25	20	24	14	21	27	17	17	24	18	22	22	27	23
Prosthecomicrobium	4	2	0	1	3	4	4	1	2	1	3	1	0	0	1	0	3	1	1	3	0	0	1	1	1	3	0	3	3	2	3	2	2	0	1	3	1	2	1	3	1	1	2	3	0	1	1	4	2	0	0	2	1	0	1	2	1	1	4	2	3	1	4	0	4	0	2	1	1	4	1	2	2	3	1	0	1	3	0	0	2	3	1	1	0	0	2	2	2	2	1	2	3	1	3	3	1	3	2	2
Proteocatella	2	0	2	1	3	1	1	3	2	3	2	1	3	1	3	1	3	2	1	2	0	0	1	4	3	1	0	4	3	1	1	0	0	2	4	1	1	2	1	1	1	0	2	2	1	2	2	0	1	2	4	0	2	3	0	2	0	2	2	1	2	2	0	0	2	4	2	0	0	6	1	0	2	2	1	5	0	1	3	1	3	2	1	4	4	3	1	1	2	3	2	4	0	0	1	1	3	0	3	0
Pseudarcicella	15035	14846	15092	14913	14931	14849	14846	14799	14895	14797	15007	14903	14849	14878	14885	15045	14856	14736	14784	14875	14893	14843	15038	14985	14871	14918	14976	14848	14859	14827	14979	14857	14963	15040	14992	14981	14912	14906	14990	14971	14679	15136	14900	14857	14984	14952	14884	14928	14832	14872	14906	15030	14983	14770	14982	14730	14855	15007	14814	14923	14859	14862	14864	14731	14719	14845	15054	14777	14886	14829	14993	14766	14847	14839	14905	14944	14918	14907	14773	14976	14890	14720	15007	14978	14775	14800	14865	14945	14908	14913	14999	14978	14946	14595	14838	14860	14842	14890	15018	14860
Pseudolabrys	4	2	7	6	1	4	6	1	2	2	2	4	5	5	5	5	4	3	6	2	6	4	0	3	4	3	3	3	3	4	6	7	6	7	3	9	7	2	0	6	6	3	6	2	5	8	4	2	3	3	1	3	2	2	2	9	5	5	6	3	5	3	2	5	5	2	4	9	3	2	3	6	2	8	2	0	4	1	0	8	6	4	6	2	7	3	9	2	3	1	3	1	2	3	1	3	2	3	3	3
Pseudomonas	18	12	12	12	16	14	15	20	15	15	19	17	6	11	12	17	15	8	19	11	13	8	14	9	8	10	17	21	13	10	12	12	15	16	14	11	23	10	7	10	16	20	10	14	12	10	20	16	10	10	14	7	13	16	9	10	19	18	17	7	11	16	12	18	15	16	7	11	12	10	13	21	12	16	10	10	10	17	14	14	19	12	9	10	13	10	13	14	8	7	10	14	13	13	18	16	17	13	10	14
Pseudorhodobacter	949	1045	983	984	928	911	963	943	1032	963	951	974	952	1001	1013	968	949	993	929	1036	977	972	1025	948	964	991	961	1007	987	931	1001	1001	972	1008	997	943	975	996	968	951	1008	1015	979	957	972	980	999	959	975	976	1045	971	934	964	992	934	986	1001	966	993	964	987	947	943	904	945	937	976	1004	1000	986	968	993	937	980	985	951	991	975	980	971	967	983	954	1001	994	961	951	1059	988	934	1017	950	986	969	968	960	920	949	939
Pseudorhodoplanes	15	21	19	20	15	16	23	19	19	17	10	18	16	20	18	15	16	13	12	18	12	16	17	19	18	19	12	9	14	20	15	14	15	19	24	12	17	24	11	22	25	20	19	17	15	18	17	15	21	14	20	16	21	12	24	18	20	16	20	21	21	21	22	15	14	16	19	13	19	26	21	9	12	14	21	16	20	18	16	19	13	13	12	20	18	14	13	23	12	20	16	17	16	23	14	22	20	21	17	20
Pseudoxanthomonas	5	3	5	1	1	2	6	6	3	1	3	4	1	3	2	1	2	5	4	4	2	0	0	3	6	3	4	6	3	0	4	6	5	2	1	2	1	5	0	2	2	4	3	4	1	2	5	4	4	1	5	7	1	1	4	7	1	6	1	4	4	2	2	4	3	6	1	1	3	0	3	4	4	3	2	1	2	8	4	2	1	1	0	1	2	3	10	1	3	3	3	3	5	4	3	2	1	5	6	3
Quatrionicoccus	2	0	1	3	1	1	2	1	1	1	3	3	2	5	3	1	1	0	4	2	0	3	2	5	3	4	3	2	2	1	3	0	2	2	2	0	2	2	0	1	0	2	1	3	3	1	0	3	1	1	1	0	2	0	3	1	1	2	0	3	3	1	4	0	0	0	1	1	2	3	1	2	1	0	2	1	4	1	1	0	1	3	5	3	0	0	0	1	2	0	1	3	2	1	1	2	0	0	2	2
Rahnella	4	1	4	6	5	2	4	6	4	3	1	3	6	1	2	5	2	2	3	3	8	1	3	4	4	1	3	5	11	7	3	3	1	1	3	1	3	4	2	6	2	6	5	5	4	7	2	8	1	4	0	4	2	3	4	2	6	4	4	6	7	1	7	3	1	10	1	3	4	2	4	3	4	5	3	4	1	1	3	4	2	5	2	5	4	4	3	0	2	4	4	1	3	3	3	3	2	2	6	1
Ramlibacter	4	5	1	4	1	2	3	1	1	2	3	5	2	1	2	3	2	1	4	2	4	2	3	2	2	2	4	4	3	1	1	3	2	4	5	1	1	2	1	1	1	3	4	2	1	2	1	4	4	1	2	6	2	4	3	2	2	3	3	2	4	6	2	3	3	4	1	4	3	4	4	1	1	3	3	1	1	5	1	3	4	1	3	3	1	2	2	0	1	4	1	1	1	1	2	6	4	3	2	4
Raoultella	7	5	8	6	6	4	12	9	11	11	5	12	7	6	6	8	10	7	8	8	7	13	10	3	7	11	7	6	7	8	7	12	12	3	11	7	10	9	10	7	8	10	6	8	6	12	10	9	15	7	6	4	5	10	13	7	8	9	8	5	6	7	5	6	4	5	11	10	8	7	8	10	9	11	8	5	8	10	13	10	9	7	18	11	6	6	6	12	4	10	6	7	12	6	8	8	10	7	5	6
Reyranella	27	31	35	34	38	28	25	35	23	41	27	29	34	22	25	36	27	28	26	28	28	26	30	29	11	41	33	27	45	33	25	32	28	20	22	26	35	25	25	30	28	32	32	30	30	32	29	20	27	29	33	31	27	34	28	21	23	32	35	33	23	34	36	31	29	30	28	30	30	41	33	33	28	33	30	24	24	22	24	29	21	39	33	24	26	27	31	34	32	27	24	27	29	26	28	23	22	30	26	24
Rheinheimera	14	14	14	12	16	14	8	18	15	13	9	17	5	11	16	13	8	11	16	8	16	15	13	18	5	9	10	16	11	12	16	9	10	8	12	14	11	9	11	12	13	13	13	10	13	14	12	18	12	8	10	11	9	5	8	13	16	15	17	15	9	10	10	22	14	12	11	15	15	13	13	11	9	11	16	13	14	11	12	9	13	14	7	9	13	18	17	19	11	8	6	19	10	14	18	7	12	16	13	15
Rhizobacter	27	27	30	32	24	24	24	29	29	19	31	35	23	22	33	23	26	25	25	29	19	36	32	37	32	31	31	37	20	22	27	26	32	27	23	33	24	23	28	24	35	25	31	31	31	22	25	24	29	27	34	30	31	28	41	30	25	21	28	36	29	20	25	28	36	24	18	35	24	35	32	34	29	31	30	24	27	25	26	33	29	24	29	34	34	21	32	32	26	27	25	23	31	33	22	33	33	25	32	24
Rhizorhapis	2	1	4	4	5	0	1	1	2	1	1	3	5	2	2	6	5	2	4	2	0	2	3	0	2	3	2	1	3	2	2	0	3	2	4	2	1	2	1	2	1	1	4	2	2	1	4	0	4	3	0	4	4	1	1	2	1	2	2	5	2	4	0	1	0	3	5	6	1	1	1	2	0	0	5	3	5	1	2	3	2	1	1	2	3	2	7	2	3	1	2	1	0	2	6	3	5	1	3	1
Rhodobacter	99	86	112	109	89	82	104	92	91	118	85	105	121	100	98	97	100	100	83	97	105	100	113	92	99	106	101	108	83	80	101	94	95	88	83	94	108	108	101	121	104	104	90	94	98	82	89	102	106	88	105	91	110	93	102	112	83	111	89	98	108	106	97	114	88	95	111	98	100	91	117	90	111	108	102	101	107	93	94	112	78	93	89	74	103	111	102	99	107	112	100	97	92	122	94	100	112	87	89	101
Rhodocyclus	1	0	1	1	3	0	1	1	5	3	0	0	2	1	1	5	2	2	1	4	1	0	3	2	1	0	1	1	2	3	3	2	1	0	2	2	2	0	1	3	1	1	2	2	2	4	1	1	1	2	0	1	1	2	1	0	2	1	0	2	2	0	1	2	1	1	4	2	2	1	3	1	3	3	0	3	3	2	1	3	1	1	2	2	1	0	1	1	2	3	2	0	1	2	2	1	0	2	2	0
Rhodoferax	296	311	325	313	328	297	276	340	290	321	321	307	319	319	337	310	302	318	350	329	341	336	318	296	308	313	316	346	314	340	290	299	317	287	285	312	328	345	337	337	339	297	294	340	297	343	368	339	317	327	315	327	331	346	315	325	318	331	341	311	337	314	304	330	326	304	324	316	313	357	332	340	311	318	332	334	314	325	296	314	291	284	328	344	321	332	328	333	327	344	305	322	287	342	319	294	310	289	348	316
Rhodoluna	1368	1353	1343	1413	1311	1412	1393	1414	1336	1335	1375	1359	1383	1373	1369	1370	1297	1414	1353	1364	1399	1352	1369	1359	1402	1381	1393	1368	1308	1350	1383	1349	1373	1441	1346	1400	1394	1366	1344	1349	1362	1317	1369	1297	1346	1317	1341	1386	1400	1337	1329	1350	1382	1325	1351	1416	1373	1337	1357	1364	1328	1387	1352	1347	1437	1377	1354	1408	1323	1374	1415	1365	1338	1424	1341	1263	1388	1331	1337	1281	1397	1406	1339	1423	1380	1378	1333	1361	1329	1373	1375	1320	1322	1363	1404	1358	1398	1408	1348	1349
Rhodomicrobium	2	7	1	1	2	0	2	1	2	2	5	3	1	0	1	3	3	3	1	2	0	3	2	2	1	3	3	1	0	2	0	1	1	2	3	3	0	2	2	2	2	3	1	0	2	3	0	1	4	1	1	3	1	4	3	1	2	1	2	5	2	2	2	1	1	3	1	2	1	0	2	3	5	1	2	1	2	1	2	3	2	1	2	0	0	3	4	2	3	0	1	2	2	3	1	3	0	2	3	0
Rickettsiella	149	139	148	154	161	150	134	147	154	144	150	145	147	159	156	140	124	159	155	145	156	174	125	148	149	157	173	146	161	155	138	151	143	156	150	155	155	127	154	174	155	147	141	138	152	135	140	161	126	141	146	153	145	150	138	140	137	156	152	164	148	150	151	136	148	148	163	159	157	141	136	124	145	153	133	144	131	135	159	153	139	168	143	141	168	127	156	123	155	143	142	151	128	138	157	167	147	141	159	156
Rikenellaceae RC9 gut group	6	5	2	4	6	5	2	2	4	3	4	3	3	3	4	7	3	7	3	5	3	4	3	6	4	8	2	8	3	3	5	2	1	6	8	4	8	1	2	2	3	4	1	2	2	0	3	3	4	5	4	3	5	4	4	2	2	4	1	3	2	7	3	1	5	4	6	5	5	4	6	3	6	6	5	3	0	3	5	6	7	7	5	5	4	4	5	6	4	3	6	10	5	2	7	4	4	1	3	3
Rivicola	10	14	16	8	5	11	10	9	11	9	5	14	8	9	10	5	13	4	9	10	11	20	5	15	8	8	12	2	9	11	10	6	8	8	15	8	10	10	10	13	4	12	7	7	8	6	12	8	11	9	11	13	6	8	8	6	13	9	7	4	11	12	9	6	17	10	13	11	19	15	5	12	8	12	12	15	11	8	8	13	19	5	12	8	16	8	4	10	7	6	7	8	13	11	10	11	13	8	9	10
Romboutsia	179	182	170	166	173	181	189	185	171	189	161	179	209	177	185	184	195	184	196	161	160	169	189	179	189	186	186	168	166	187	193	162	193	173	169	195	186	187	163	178	200	175	160	181	183	171	193	188	173	185	189	166	175	205	192	180	189	186	175	185	188	179	190	178	209	178	161	192	202	180	177	170	184	201	172	173	180	190	187	179	162	174	150	185	170	191	186	187	172	200	180	192	166	192	184	189	185	174	172	183
Roseomonas	7	0	0	1	8	3	1	4	6	0	5	3	3	2	1	3	2	0	2	2	3	2	1	1	5	2	1	2	2	2	3	2	2	2	2	4	0	2	2	2	1	5	2	4	2	4	4	3	0	4	6	1	2	5	4	2	1	2	4	3	2	4	2	0	2	2	4	0	2	3	2	1	1	3	3	6	2	5	4	3	1	2	2	1	3	0	1	1	1	0	2	0	2	3	4	1	3	2	1	2
Rubrivivax	3	6	3	5	3	3	4	8	4	5	2	5	6	2	2	6	8	2	5	3	4	4	4	5	6	4	3	8	13	4	7	5	6	5	3	5	2	6	7	4	2	8	5	0	5	11	5	5	8	7	4	7	4	5	4	4	3	5	2	3	8	3	4	6	5	3	4	2	7	6	3	4	5	3	10	7	5	5	4	5	10	4	5	6	3	5	4	1	10	6	5	7	6	4	3	3	3	8	4	6
Ruminiclostridium 1	8	1	7	6	10	6	8	3	9	7	6	4	3	14	3	9	8	8	9	5	9	9	4	1	5	7	5	10	7	8	7	12	6	6	7	5	8	8	9	9	6	9	6	6	10	8	9	6	10	7	6	5	4	6	8	11	10	4	5	6	4	8	7	2	9	7	7	5	5	9	9	4	8	3	7	16	8	4	7	8	2	4	8	12	4	4	8	13	7	6	3	5	11	2	7	3	5	11	8	8
Runella	23	21	17	22	20	14	20	12	15	19	18	11	20	13	13	25	13	20	15	16	14	16	19	12	18	14	13	14	13	15	18	27	23	17	14	12	15	18	17	18	20	15	21	15	19	8	20	11	10	15	12	14	14	22	21	16	24	14	19	17	13	12	18	15	18	19	22	18	18	16	21	13	20	12	14	17	17	14	24	14	17	22	18	18	10	22	17	22	16	10	13	15	14	21	18	19	19	21	18	19
Saccharomonospora	2	1	4	0	2	0	3	1	2	0	2	4	1	1	6	3	4	1	1	5	1	3	1	3	3	2	7	1	2	0	2	3	0	3	1	1	2	4	2	1	1	3	2	2	1	3	1	4	3	2	2	3	3	0	2	3	7	3	2	1	4	2	0	3	1	0	7	2	4	6	7	2	2	0	1	3	1	1	2	1	5	2	4	1	2	1	2	2	0	5	4	0	4	5	0	4	4	0	3	4
Salmonella	7	1	6	6	3	5	5	1	4	3	4	6	6	4	4	4	3	2	6	1	1	6	3	2	7	1	2	4	2	4	9	3	4	6	3	4	2	4	5	4	2	2	2	3	3	4	6	3	4	1	5	2	4	6	3	1	2	5	6	4	6	2	1	6	3	4	6	7	1	6	3	2	9	1	4	7	10	6	7	5	7	3	3	6	5	6	4	1	7	7	3	4	4	7	3	4	8	5	3	3
Sediminibacterium	59	70	71	68	70	78	54	72	66	79	60	84	70	79	72	70	85	81	74	79	74	88	71	54	84	76	71	66	80	100	74	70	88	65	70	71	74	73	65	63	79	61	73	74	76	70	65	67	71	65	61	79	55	73	75	86	69	72	70	58	72	70	63	63	84	61	61	67	76	69	70	71	66	74	74	81	86	74	67	70	64	80	67	63	75	70	78	75	71	73	65	91	79	75	73	80	63	65	72	82
Serratia	9	11	14	7	13	12	10	11	11	8	13	9	16	16	14	8	8	16	16	9	12	13	10	15	15	7	8	10	16	8	13	11	9	12	13	18	16	21	12	10	14	8	9	11	10	9	10	4	4	11	16	14	15	12	12	7	15	5	14	10	7	16	11	11	9	15	14	10	9	9	15	11	13	17	7	10	16	16	15	11	17	11	14	12	14	9	11	14	15	13	6	10	17	14	9	7	15	8	15	12
Shinella	3	4	0	2	1	3	2	2	2	3	2	1	1	0	6	1	1	3	2	0	2	0	3	1	0	0	3	0	2	3	4	2	2	0	2	2	2	2	1	0	1	1	0	2	2	2	1	1	1	2	2	1	4	2	5	1	3	1	2	1	2	0	3	0	1	2	3	3	2	2	2	6	3	2	3	0	3	3	3	3	2	1	2	2	1	1	3	2	4	5	3	3	2	3	1	2	0	2	3	2
Sideroxydans	1	9	8	5	4	9	12	5	1	11	6	5	7	7	7	5	13	11	8	7	3	7	7	11	10	3	3	6	8	5	16	5	11	5	6	4	8	6	9	9	9	7	10	5	5	9	2	4	8	11	7	4	12	7	9	7	7	3	7	9	10	7	3	7	2	8	5	12	14	10	11	6	10	6	14	7	11	2	5	6	4	6	5	6	4	8	5	5	4	12	8	11	9	4	4	7	8	6	5	7
Silvanigrella	6	5	2	6	1	5	8	5	7	5	3	6	4	4	1	2	3	6	3	3	3	4	3	6	6	8	1	4	6	5	2	3	5	4	1	4	5	3	4	4	8	3	4	6	3	6	7	4	6	4	6	5	4	4	3	6	4	5	8	1	5	2	3	7	4	3	7	5	5	4	3	3	5	4	4	1	7	9	7	6	3	4	8	4	5	2	5	6	9	5	5	5	6	3	3	8	6	5	5	5
Simplicispira	29	16	15	18	21	17	20	25	21	21	18	19	21	17	13	20	16	16	16	27	16	22	19	21	16	16	21	21	19	14	15	16	21	20	15	24	22	21	17	18	28	17	19	20	22	24	21	29	12	18	21	23	17	32	20	21	19	22	17	22	22	16	17	20	19	26	21	23	29	25	18	14	14	23	16	17	16	26	18	16	26	20	19	17	27	19	21	23	24	21	24	26	26	17	16	26	17	25	15	17
Solitalea	49	42	49	48	53	40	50	45	33	36	44	52	46	40	47	41	51	41	45	49	42	42	40	37	36	42	34	41	51	53	52	33	51	46	29	41	28	37	41	36	34	48	36	36	42	34	34	37	37	41	58	42	43	37	47	43	47	45	48	42	42	46	45	35	42	58	41	36	45	39	41	43	34	37	34	46	36	54	37	50	30	47	41	47	44	43	43	47	35	42	49	55	47	42	47	43	39	38	39	29
Sphaerotilus	8	16	18	11	11	15	12	14	10	16	14	14	10	11	12	9	8	13	8	13	14	16	13	21	19	9	13	17	17	15	13	17	9	13	18	16	8	11	6	9	15	16	11	15	10	15	12	13	11	9	20	15	10	12	6	10	14	13	13	16	11	12	11	14	13	5	15	26	11	11	13	14	13	11	8	11	14	20	14	12	19	10	11	10	13	17	14	8	9	16	7	8	12	14	21	18	11	11	17	16
Sphingobium	17	15	28	10	20	19	19	17	23	19	13	22	15	16	20	17	11	16	12	10	21	23	16	19	18	10	13	20	23	23	18	16	22	8	14	15	21	16	22	24	11	16	20	19	18	21	22	19	19	10	11	19	22	20	12	19	17	13	13	15	10	17	16	16	23	15	12	10	12	9	13	25	12	20	9	14	13	14	13	15	21	9	11	12	25	20	18	15	19	10	16	7	19	16	13	15	13	15	14	14
Sphingomonas	18	14	12	10	9	19	13	18	12	10	9	9	13	9	9	7	15	10	12	12	17	11	6	12	11	11	14	9	10	12	8	8	14	10	11	17	16	5	16	12	14	6	9	7	15	11	7	15	13	10	12	9	17	16	15	10	9	14	13	15	15	10	9	17	15	8	13	11	14	7	13	4	9	14	11	13	16	10	14	17	13	12	10	9	14	11	11	12	11	19	11	9	11	10	11	15	8	10	9	9
Sphingopyxis	23	18	16	16	17	20	17	17	22	18	17	14	12	16	20	22	24	17	22	18	18	11	15	20	16	21	20	13	19	17	19	16	14	20	16	18	23	18	17	15	22	18	18	19	22	18	18	25	16	12	20	17	20	20	20	19	12	12	25	18	16	20	16	17	18	26	12	15	19	15	18	15	18	16	14	17	15	12	16	16	22	14	15	23	18	14	17	14	12	20	14	13	17	14	26	23	22	15	11	16
Sphingorhabdus	1178	1206	1157	1300	1253	1211	1221	1276	1247	1264	1223	1262	1278	1294	1251	1239	1312	1207	1271	1277	1194	1243	1210	1187	1234	1150	1218	1233	1202	1249	1233	1236	1279	1231	1218	1216	1230	1282	1217	1237	1311	1196	1196	1200	1269	1154	1268	1256	1241	1262	1195	1175	1228	1205	1233	1202	1287	1166	1262	1155	1192	1195	1304	1211	1191	1213	1221	1213	1203	1249	1226	1236	1196	1228	1240	1234	1270	1244	1298	1256	1255	1262	1252	1186	1224	1255	1216	1239	1207	1137	1226	1223	1204	1239	1194	1218	1225	1263	1238	1204
Sporosarcina	0	1	3	1	0	0	3	2	1	1	1	1	0	3	1	0	0	1	3	6	3	2	3	3	1	1	2	2	1	1	0	1	0	2	0	0	4	1	0	1	4	1	4	1	2	0	1	1	3	1	4	2	2	2	3	2	0	2	1	1	1	0	2	1	3	4	0	0	4	0	2	1	1	1	1	1	1	3	1	2	2	0	1	1	1	3	2	0	1	2	2	2	1	2	3	4	2	4	2	0
Staphylococcus	1	3	1	3	2	0	2	0	3	1	2	2	1	1	2	4	0	1	0	6	3	4	2	0	4	3	1	3	3	2	1	2	2	2	5	3	4	2	2	0	0	2	0	0	0	2	1	4	2	2	0	2	1	3	2	3	2	5	1	1	4	3	3	1	2	1	3	0	1	4	2	5	3	1	2	3	2	0	2	4	1	5	1	1	4	0	3	2	1	4	1	1	3	3	1	1	2	1	3	2
Stella	0	2	1	1	3	2	2	2	1	2	0	1	3	2	0	1	2	1	3	1	1	1	0	2	1	1	3	0	3	0	1	3	1	3	1	1	1	2	2	1	0	0	4	1	2	0	5	2	1	2	1	0	2	1	1	1	0	0	0	0	3	2	0	1	2	1	2	4	0	0	1	1	2	2	1	1	2	2	2	1	2	1	3	0	2	3	2	2	2	3	2	3	2	1	2	2	2	2	0	1
Stenotrophomonas	0	3	4	3	2	2	1	4	5	2	3	3	0	3	5	2	1	3	3	2	3	3	2	2	3	3	6	4	5	3	6	3	4	3	2	3	4	3	4	2	1	2	3	1	1	3	5	2	5	1	3	4	3	2	5	2	3	4	3	2	4	2	3	6	5	5	1	2	1	2	1	5	5	1	4	3	2	3	6	7	1	6	4	4	1	1	3	2	9	1	1	1	4	3	1	8	3	2	3	5
Sterolibacterium	2	0	2	6	4	1	3	4	1	4	2	3	2	2	2	0	4	3	3	3	4	2	4	1	2	3	6	3	4	4	1	2	1	5	5	3	1	2	5	5	3	2	3	1	1	2	5	2	0	3	2	6	3	4	7	2	1	4	3	3	0	5	8	2	1	1	1	5	4	2	4	3	1	1	3	3	3	7	1	3	6	4	1	3	2	4	4	3	1	6	5	1	1	3	6	3	2	2	4	3
Streptococcus	4	6	6	3	6	4	3	2	3	4	6	6	5	2	3	3	4	2	8	2	1	10	2	8	3	4	8	10	2	1	3	6	7	5	2	3	7	7	4	3	6	2	3	5	3	9	3	2	2	7	4	4	7	3	4	5	1	5	3	6	2	4	2	5	5	3	5	4	3	5	4	1	5	6	5	5	4	2	1	3	3	7	4	2	3	1	7	2	4	5	3	3	5	4	9	1	4	1	4	3
Streptomyces	0	1	3	1	3	3	2	4	2	2	5	3	3	2	2	4	1	2	2	3	3	3	1	2	1	2	2	0	0	2	1	2	2	1	6	3	1	2	1	2	2	1	0	4	4	3	1	2	4	1	2	3	2	1	2	2	3	3	3	1	3	3	1	0	4	3	2	4	1	6	2	2	1	2	5	1	5	3	2	2	5	4	2	1	4	2	2	2	5	2	0	1	1	4	3	3	0	3	1	2
Subdoligranulum	18	18	5	12	11	12	16	17	10	16	16	21	16	12	16	14	16	20	11	20	18	15	5	15	15	10	12	13	25	13	18	11	13	16	12	7	11	10	21	14	16	16	15	14	15	14	12	8	11	14	15	10	12	18	16	12	10	12	11	20	12	9	22	15	20	24	10	13	15	18	19	16	17	10	12	15	15	17	12	13	16	16	11	19	15	20	11	13	20	8	18	12	17	8	12	15	12	16	15	11
Subgroup 10	6	6	1	3	3	3	2	4	3	1	3	4	2	1	2	2	3	4	6	4	1	2	3	2	0	2	4	6	2	1	0	4	3	4	4	3	3	6	7	7	0	3	2	5	7	3	1	1	0	2	5	6	5	5	2	4	1	2	2	4	2	3	2	3	1	6	3	2	5	4	3	2	1	3	1	2	3	0	4	3	3	3	0	1	3	3	4	3	1	1	5	3	4	5	2	3	2	1	1	1
Sulfuricella	0	2	3	5	1	1	6	2	1	2	4	2	5	1	3	2	4	3	1	0	5	2	3	2	5	2	2	0	1	4	0	1	4	2	2	3	6	1	2	1	2	0	0	2	2	2	4	2	2	2	0	2	3	3	5	4	3	2	0	1	2	1	2	0	2	5	1	3	1	1	2	2	2	4	0	0	2	0	4	0	5	2	1	2	3	3	1	1	2	1	1	3	0	2	2	3	3	0	3	2
Sulfuricurvum	150	196	148	169	191	146	157	139	154	160	164	162	171	162	161	173	190	176	164	175	183	164	185	181	169	186	171	162	170	168	204	183	180	175	148	173	185	173	166	182	162	169	174	160	168	166	139	163	143	181	161	145	151	189	144	161	167	193	176	166	183	149	180	178	163	162	165	158	171	154	151	179	177	169	171	153	193	185	184	155	172	161	162	175	189	180	158	165	173	162	162	179	138	182	150	158	179	174	176	176
Sulfurimonas	37	52	41	52	33	39	39	43	44	48	55	42	43	35	37	51	43	32	41	44	49	45	51	38	50	54	45	40	44	42	41	36	42	48	43	47	40	39	52	48	37	39	42	44	43	36	39	35	50	49	55	51	38	55	47	33	42	39	25	34	37	44	35	48	42	31	39	45	36	30	48	52	42	50	38	40	32	45	50	46	36	52	50	49	44	49	54	43	32	44	49	43	39	36	48	41	52	50	47	43
Sulfuritalea	45	47	37	46	45	36	47	40	43	35	44	44	38	39	44	39	43	54	36	49	37	44	55	25	45	41	40	34	43	36	33	56	39	34	45	46	40	29	47	40	43	49	47	35	49	35	45	56	34	36	52	40	34	50	52	47	36	50	41	41	44	35	54	46	45	46	38	32	53	43	40	37	32	55	42	42	38	32	49	45	43	53	32	27	39	30	37	41	49	42	41	50	38	36	41	30	42	27	35	41
Sulfurospirillum	77	72	68	72	64	66	50	71	81	85	71	75	69	66	73	60	76	77	71	84	82	68	79	90	69	67	68	71	65	52	72	58	84	70	77	77	61	82	68	72	79	62	71	74	64	68	57	65	73	68	61	55	70	65	74	72	69	92	69	66	75	83	75	63	69	67	87	53	68	80	81	69	73	66	65	76	78	70	62	74	63	80	75	65	75	57	64	75	89	72	61	80	79	66	72	72	66	69	81	80
Sulfurovum	3	2	0	1	1	2	1	2	3	4	1	3	5	3	2	3	3	3	1	4	2	1	1	3	2	0	5	3	2	3	0	2	1	0	2	0	1	1	3	1	0	5	3	0	1	2	1	3	3	2	2	2	3	0	2	2	4	4	1	2	0	3	5	1	2	4	2	0	2	1	2	0	0	2	2	3	2	1	5	2	3	3	2	1	3	5	0	3	1	1	3	2	3	1	0	1	2	3	2	1
Sva0996 marine group	0	2	2	2	3	2	2	2	2	4	2	1	2	0	1	1	2	3	2	0	0	2	0	5	1	3	3	3	3	1	2	4	3	2	0	4	3	0	0	4	1	2	2	1	1	1	2	2	0	2	1	1	1	0	2	2	4	0	1	1	4	1	1	1	0	0	2	6	3	6	0	4	1	1	0	3	1	1	1	1	1	1	4	2	1	0	2	2	1	1	3	1	0	1	0	1	3	1	0	1
Tabrizicola	173	178	154	171	149	180	189	180	158	177	162	176	154	155	184	169	176	171	162	176	179	173	178	191	196	167	179	158	162	145	175	189	153	178	172	162	178	155	185	162	167	166	187	181	162	174	178	173	162	171	163	168	173	193	163	150	180	183	165	194	189	189	165	184	192	175	169	188	174	140	159	191	188	175	164	177	157	163	169	189	154	167	163	162	170	184	163	181	190	185	165	171	166	175	171	166	178	201	172	159
Terrimonas	15	20	14	20	24	22	26	21	24	33	21	13	29	16	23	22	24	21	16	20	28	26	19	29	16	29	20	20	28	21	15	32	18	19	30	21	25	24	15	30	28	18	18	28	20	11	26	31	26	26	19	22	19	18	18	27	25	18	12	16	17	23	27	35	16	19	19	25	14	25	29	29	26	24	29	27	26	22	29	18	27	21	22	20	17	24	23	18	26	26	18	22	27	19	21	21	31	27	18	22
Thauera	2	2	3	7	3	3	3	3	4	1	3	4	4	2	3	3	1	4	5	3	4	7	2	6	4	3	4	3	3	5	5	3	3	3	9	8	2	5	3	2	4	5	3	0	4	3	2	2	1	2	3	0	6	5	8	1	8	4	3	4	5	1	2	1	2	5	2	1	2	4	2	4	4	4	3	2	2	3	7	8	6	2	2	1	3	2	2	2	5	4	3	6	2	3	1	3	4	4	5	0
Thermomonas	14	12	8	8	16	10	11	5	10	15	6	5	8	13	5	14	6	6	14	8	7	17	8	12	10	10	8	10	15	9	6	12	9	6	8	14	11	7	10	13	10	11	9	7	13	9	11	12	11	10	13	12	13	13	11	8	10	6	10	11	10	8	14	12	9	5	10	12	10	12	9	10	9	11	6	11	7	13	10	7	7	15	11	10	11	10	14	11	11	6	11	15	11	9	3	4	10	5	15	7
Thiobacillus	3	10	6	5	5	4	8	4	9	5	8	4	6	3	5	7	15	7	7	6	6	6	7	5	6	7	5	4	8	2	5	10	6	8	6	9	10	4	8	6	6	4	6	5	4	4	6	6	5	6	11	3	7	6	2	11	9	15	7	7	8	8	5	7	5	9	6	5	9	4	3	5	6	6	7	7	10	3	15	8	5	14	6	5	7	7	7	6	4	8	6	11	8	7	12	6	5	7	7	6
Thiothrix	3	0	1	2	4	2	3	2	2	1	1	1	1	2	3	1	1	4	1	1	2	1	1	2	1	2	4	3	1	3	1	0	2	1	1	1	0	2	0	2	0	2	2	5	1	2	0	1	1	3	3	0	0	2	3	2	1	2	3	2	2	1	1	3	1	1	2	4	1	0	4	3	3	0	1	3	1	1	1	0	4	1	4	3	0	1	2	0	3	1	1	2	2	4	2	5	4	0	0	1
Tolumonas	51	51	43	50	55	63	63	41	57	38	44	37	43	60	46	48	54	54	52	53	45	45	50	64	48	54	57	53	46	42	43	68	58	45	34	51	41	49	41	65	37	36	50	56	54	46	44	56	31	56	46	40	47	44	43	54	40	42	40	63	35	51	47	49	45	49	45	52	49	48	39	41	36	52	52	57	46	62	35	37	46	52	49	52	55	47	52	44	54	53	49	44	48	47	54	53	53	56	46	56
Trichococcus	6	5	10	6	6	7	8	4	1	2	8	2	7	4	5	2	6	6	10	10	4	4	11	9	6	6	5	7	8	6	6	2	2	10	4	7	2	5	7	6	6	9	5	4	5	8	6	4	3	6	5	8	8	5	14	3	5	10	7	9	12	7	9	7	9	5	5	8	6	2	5	10	5	6	1	6	7	4	3	6	9	10	11	6	6	6	9	7	8	2	5	4	5	10	6	6	2	5	8	6
Turicibacter	2	1	5	2	3	1	3	0	7	1	1	1	2	2	3	7	1	2	0	3	3	1	1	4	2	1	0	0	1	3	3	0	2	2	3	2	0	2	1	2	2	2	2	3	1	6	4	7	1	2	3	0	1	3	5	4	2	2	3	0	1	0	1	1	0	0	4	2	4	7	5	3	3	2	1	1	1	0	1	3	2	2	1	3	2	2	1	2	2	1	1	4	2	6	2	1	3	3	2	1
UKL13-1	2	2	1	2	2	1	3	3	1	1	1	1	3	1	2	1	0	3	1	0	5	1	0	0	1	2	2	1	2	0	2	0	2	0	0	1	1	2	1	0	1	0	2	1	2	2	1	2	3	1	2	2	1	2	2	3	3	4	5	3	0	3	1	1	6	2	5	3	3	5	0	0	1	0	4	3	3	3	2	3	2	3	1	1	1	3	4	1	2	4	2	2	1	3	1	0	2	4	2	2
Uliginosibacterium	38	38	39	33	37	27	40	27	27	33	37	35	29	42	33	38	32	34	47	45	46	41	23	52	49	42	38	32	34	41	34	46	39	35	37	30	35	39	38	47	32	29	32	39	33	33	41	46	33	34	46	45	47	24	34	34	37	35	40	36	42	35	47	31	42	37	35	44	29	45	35	40	30	42	36	29	41	46	47	40	47	36	38	37	34	27	30	28	37	47	28	36	39	38	36	28	38	47	44	41
Undibacterium	6	6	5	8	9	9	6	7	7	7	5	9	8	9	4	6	8	7	8	7	8	13	6	11	12	5	7	6	4	6	9	7	4	13	8	5	11	8	8	10	13	7	7	10	10	6	11	4	3	9	10	5	5	9	10	10	4	7	10	12	9	5	13	4	13	2	5	6	7	12	4	5	7	11	12	11	8	13	10	6	6	6	7	14	4	6	3	5	5	2	9	8	9	7	12	7	3	6	9	7
Variovorax	4	5	3	3	5	6	5	2	0	3	3	1	3	0	2	2	4	1	4	3	2	4	4	2	6	6	5	3	5	3	5	4	2	4	3	2	3	4	6	4	3	3	1	3	5	5	4	0	3	1	6	4	9	6	2	3	4	1	2	5	4	0	2	3	4	1	6	6	4	3	2	5	5	3	2	2	3	1	2	2	3	3	3	3	2	2	3	1	1	3	4	4	6	3	2	6	1	2	3	8
Verruc-01	2	2	0	7	0	1	0	3	1	4	2	2	6	2	3	0	3	4	3	2	2	3	1	1	1	1	2	2	1	1	3	5	2	2	6	0	1	2	1	1	4	2	1	1	2	4	4	3	4	3	2	3	0	4	4	5	0	2	0	3	2	1	2	3	0	2	1	1	2	2	4	3	0	2	2	1	1	1	4	1	0	2	5	1	1	3	2	3	3	4	2	4	1	2	4	4	2	2	3	0
Vogesella	20	26	31	17	24	24	19	26	20	28	36	16	26	28	25	32	19	31	17	21	27	16	24	26	22	15	18	37	19	23	8	19	18	19	22	30	25	16	26	26	21	24	20	25	17	23	31	28	31	24	15	20	27	27	28	25	21	17	29	24	16	31	20	28	29	23	23	20	34	26	19	21	28	20	26	27	28	19	26	27	16	22	23	23	23	26	16	16	18	20	23	24	26	28	22	27	19	19	26	32
WCHB1-32	1	1	2	2	3	3	1	1	2	4	2	1	2	0	1	2	2	2	1	1	2	4	1	0	0	0	1	2	0	1	4	3	3	2	3	2	1	1	1	0	3	1	4	3	0	1	0	0	2	0	3	1	1	2	1	3	3	1	1	5	0	3	4	1	0	0	3	1	5	5	0	0	0	1	2	4	3	3	3	1	2	1	1	0	2	1	2	0	2	1	5	0	2	0	1	0	2	0	0	4
Xanthobacter	12	5	4	5	6	7	6	5	6	6	2	4	15	7	7	7	8	9	8	7	6	9	6	4	5	6	5	6	8	8	8	5	6	3	4	4	3	8	8	4	8	4	8	9	2	6	3	3	5	4	6	2	6	5	7	8	8	5	2	4	4	5	2	9	6	10	5	8	5	12	4	6	7	6	4	5	3	3	4	6	6	5	5	6	3	4	4	8	7	5	8	7	8	9	5	7	4	7	8	4
Yersinia	6	3	2	6	6	3	7	3	6	4	6	3	1	5	2	2	4	1	1	0	2	1	3	4	1	3	1	2	3	1	5	5	2	6	2	3	3	3	5	2	4	3	1	1	4	2	1	5	4	4	4	4	2	5	2	4	2	2	8	3	2	3	5	1	2	3	6	3	1	3	3	5	3	5	2	1	6	3	1	5	3	5	4	7	3	4	7	2	2	9	4	4	1	6	3	1	0	6	5	5
Zoogloea	3	2	3	9	2	6	8	3	3	8	6	4	3	5	4	3	6	3	4	3	3	6	7	2	3	3	3	5	8	3	7	6	1	6	3	5	0	2	6	10	5	4	4	3	10	2	3	4	5	6	2	2	7	4	4	5	5	3	6	3	4	4	6	5	12	4	3	2	4	4	6	3	3	4	7	5	4	4	5	4	6	9	3	4	9	5	5	11	6	5	5	5	5	4	5	2	5	5	4	5
alphaI cluster	22	25	15	27	22	18	19	24	23	25	20	28	28	22	14	24	28	26	19	14	21	19	24	21	20	13	19	28	23	21	29	27	22	29	21	22	20	18	22	29	24	24	20	27	12	22	23	19	27	25	16	17	15	25	25	23	30	30	12	25	26	19	15	20	16	25	20	20	23	21	16	32	19	20	22	17	14	23	25	22	17	17	27	29	20	24	29	30	15	19	14	19	20	27	22	18	31	24	26	17
hgcI clade	802	797	779	801	733	781	799	771	807	810	775	806	841	754	829	756	796	821	765	761	778	805	800	814	824	765	786	795	783	814	777	796	749	762	839	768	808	809	756	795	800	777	827	774	770	791	829	853	813	770	769	764	826	783	779	774	753	817	837	797	813	792	758	822	834	789	798	739	782	808	793	800	841	814	794	743	793	823	766	756	740	776	805	806	786	826	800	813	802	775	812	758	795	811	786	777	809	824	829	809
