name	taxRank	1	2	3	4	5	6	7	8	9	10	11	12	13	14	15	16	17	18	19	20	21	22	23	24	25	26	27	28	29	30	31	32	33	34	35	36	37	38	39	40	41	42	43	44	45	46	47	48	49	50	51	52	53	54	55	56	57	58	59	60	61	62	63	64	65	66	67	68	69	70	71	72	73	74	75	76	77	78	79	80	81	82	83	84	85	86	87	88	89	90	91	92	93	94	95	96	97	98	99	100
Aphanizomenon NIES81	G	7	12	12	12	13	13	8	16	11	16	13	12	11	17	15	8	6	12	12	6	16	16	9	17	9	9	3	10	13	13	19	7	6	6	7	9	12	13	10	7	11	12	1	7	9	10	9	14	8	15	10	11	9	11	9	4	7	14	17	14	10	13	18	9	10	8	7	12	11	14	8	12	12	7	13	15	19	12	14	13	8	17	9	14	13	12	10	7	9	10	8	13	5	12	9	12	13	6	12	10
Cyanobium PCC-6307	G	2	4	3	3	3	3	3	5	4	3	1	3	4	3	3	1	3	1	5	0	2	1	0	4	2	3	6	3	8	4	3	2	2	2	1	2	1	3	5	1	7	5	2	1	6	2	1	3	3	4	4	3	3	3	1	4	1	5	2	3	2	3	0	0	4	1	1	1	3	4	5	5	1	5	1	3	0	2	2	2	1	4	0	3	3	1	4	6	1	5	4	4	4	4	1	4	3	2	2	4
Calothrix KVSF5	G	5	2	6	4	5	6	3	3	14	4	6	8	5	8	4	5	9	5	9	5	4	3	4	8	7	5	5	1	10	7	9	4	6	9	9	4	6	1	5	2	2	7	6	3	11	3	7	4	7	3	2	8	9	8	3	3	6	5	4	8	2	10	3	3	6	2	6	6	3	4	4	3	4	7	4	1	2	7	7	8	4	4	4	5	4	4	2	6	3	2	4	5	7	4	6	4	3	6	6	3
Pseudanabaena PCC-7429	G	10	11	9	10	15	13	14	18	11	21	13	13	8	9	18	13	13	11	7	15	11	12	13	12	16	14	14	12	10	9	15	7	18	14	11	12	14	13	8	14	22	14	9	8	9	16	15	12	12	10	20	10	19	15	8	14	13	11	9	7	21	8	10	6	12	15	12	16	8	11	9	12	13	18	13	19	15	12	19	10	16	9	14	10	14	10	13	9	10	11	15	16	13	9	14	10	9	15	18	9
Limnohabitans	G	2826	2877	2925	2929	2839	2900	2850	2811	2898	2935	2769	2835	2933	2898	2825	2932	2944	2974	2893	2934	2824	2867	2903	2883	2800	2956	2926	2903	2941	2851	2891	2850	2855	2901	2762	2848	2795	2862	2852	2843	2837	2927	2887	2867	2790	2874	2911	2866	2773	2877	2825	2866	2931	2866	2902	2963	2902	2904	2845	2928	2901	2886	2866	2790	3008	2904	2921	2881	2898	2897	2878	2886	2954	2974	2854	2752	2888	2900	2816	2813	2803	2924	2882	2924	2826	2817	2863	2851	2871	2827	2862	2870	2867	2868	2879	2808	2873	2835	2872	2872
Rhodoferax	G	2036	2047	2037	2112	2108	2084	2084	2087	2089	2060	2110	2085	2027	2152	2042	2058	2069	2052	2010	2108	2060	2066	2023	2013	2098	2090	2097	2058	2012	2082	2046	2085	2035	2045	2063	2009	2083	2064	2071	2139	2095	2083	2068	2011	2022	2000	2095	2024	2041	2020	2011	2031	2051	2019	2043	2050	2028	2095	2138	2054	2006	2080	2061	2100	2081	2151	2031	2009	2034	2050	2122	2023	2073	2056	2047	2016	2059	2118	1994	2084	2131	2079	2106	2035	1982	2069	2088	2093	2031	2092	1962	1969	2040	2068	2144	2007	2120	2039	2073	2111
Comamonas	G	1425	1489	1464	1410	1423	1437	1384	1412	1410	1371	1432	1412	1436	1371	1402	1418	1476	1481	1355	1379	1453	1380	1476	1420	1467	1376	1462	1424	1425	1485	1430	1375	1509	1420	1441	1377	1410	1419	1497	1474	1371	1391	1391	1437	1461	1451	1436	1409	1442	1476	1473	1464	1451	1514	1476	1471	1444	1474	1422	1369	1453	1435	1436	1386	1414	1441	1509	1481	1420	1389	1445	1379	1442	1418	1445	1436	1364	1372	1447	1390	1445	1445	1338	1432	1472	1387	1356	1374	1458	1396	1458	1373	1377	1408	1328	1437	1460	1420	1521	1406
Delftia	G	673	680	655	716	713	641	678	711	643	679	686	668	632	643	676	668	704	674	682	679	658	709	663	679	660	692	657	681	717	671	641	659	640	625	743	612	714	701	696	698	647	657	722	676	706	668	663	704	712	641	675	645	696	711	640	653	745	638	719	683	715	694	670	669	703	659	680	696	688	662	696	661	672	669	643	733	685	673	661	651	706	679	668	664	723	685	696	682	689	699	720	639	680	646	655	679	671	680	690	659
Acidovorax	G	704	717	715	735	789	722	703	786	741	706	736	727	702	722	742	776	736	729	770	743	695	703	706	719	729	704	746	720	713	674	753	718	748	708	759	728	815	745	712	742	784	769	785	704	691	690	754	717	756	724	753	742	719	754	708	726	786	724	734	759	701	690	726	730	704	719	702	696	745	730	697	721	763	725	730	731	736	678	696	758	687	715	687	690	649	711	777	752	724	724	749	747	743	746	714	766	728	709	743	744
Burkholderiaceae (uncultured)	G	398	425	405	428	404	367	401	461	433	403	423	400	387	402	454	382	414	415	463	391	415	402	427	430	392	435	396	383	385	387	425	433	392	398	429	421	455	422	390	410	447	374	443	411	437	426	450	393	438	431	419	416	430	453	449	437	387	409	410	371	371	446	390	419	425	414	432	411	405	425	411	431	450	406	428	433	410	428	422	407	448	410	413	386	423	413	467	441	430	421	407	470	390	394	408	407	418	419	427	447
Burkholderia-Caballeronia-Paraburkholderia	G	379	390	417	369	371	406	371	367	379	409	421	380	392	401	403	385	364	352	398	372	403	393	423	391	393	378	382	391	378	403	342	355	395	400	361	411	397	376	357	389	377	412	376	377	356	393	408	367	377	409	416	398	391	387	369	420	380	400	390	383	413	376	397	388	366	391	368	401	348	375	385	389	373	361	415	391	367	388	369	384	340	373	374	397	406	382	404	384	393	375	391	358	384	421	392	378	395	389	411	373
Massilia	G	349	335	335	317	354	342	331	327	363	316	330	332	326	307	339	342	330	346	357	343	336	342	347	326	311	319	336	336	301	309	356	311	360	329	345	348	342	350	303	350	382	334	339	336	310	352	321	345	336	328	333	285	331	355	357	360	339	323	348	370	341	341	310	318	343	319	325	342	320	310	324	328	309	291	334	359	329	331	318	336	330	341	327	335	354	348	345	355	320	317	320	346	347	322	337	356	327	344	334	354
Variovorax	G	328	370	343	343	351	338	371	346	340	347	364	366	349	354	340	321	370	346	385	299	354	334	360	366	330	364	365	362	302	325	356	352	377	325	328	341	313	341	388	344	373	316	351	331	396	334	342	314	366	327	328	366	329	366	324	348	345	320	334	330	350	334	327	349	378	341	408	361	365	382	347	338	383	352	333	356	319	328	361	352	352	341	354	371	380	380	338	354	365	354	340	328	331	353	324	365	356	337	333	365
Simplicispira	G	448	410	395	409	404	377	397	429	425	394	410	425	382	406	403	396	413	402	359	414	384	416	411	437	386	436	400	411	377	415	450	415	388	437	458	416	361	398	414	388	421	451	398	400	401	430	434	389	430	395	409	414	385	377	422	385	433	423	407	388	420	420	421	362	405	387	386	399	386	405	425	438	425	357	410	422	416	370	368	431	389	411	400	408	439	379	411	419	383	413	392	406	412	407	410	401	422	373	413	439
Pelomonas	G	351	349	297	365	355	383	378	338	359	354	368	391	361	372	349	360	366	352	387	393	350	383	350	357	353	373	315	348	395	357	328	370	354	385	369	351	374	356	376	375	387	350	374	369	367	355	334	363	370	378	370	387	376	344	336	345	369	360	372	377	376	382	377	347	329	346	347	375	342	375	393	367	348	382	358	381	357	343	351	379	354	338	347	336	342	365	375	362	335	358	367	370	392	363	391	353	370	390	358	353
Aquabacterium	G	797	838	786	821	793	802	876	800	813	830	825	793	819	887	822	816	795	871	815	837	867	788	819	814	802	852	868	825	800	854	846	842	812	821	859	802	830	779	817	809	773	842	790	823	793	846	795	818	823	810	887	780	835	813	835	853	826	827	814	813	857	839	807	890	800	817	791	781	859	822	794	841	786	813	791	836	792	849	838	818	849	811	803	805	772	849	802	794	837	893	834	854	846	794	820	804	769	804	839	849
Hydrogenophaga	G	293	277	303	307	277	310	261	297	256	311	262	313	285	289	285	270	296	297	292	301	250	265	273	292	307	299	292	271	302	272	277	290	275	289	281	268	296	288	298	272	280	279	269	286	303	303	271	272	291	303	295	279	290	275	275	255	252	266	265	279	290	293	275	275	275	292	270	301	289	288	277	275	302	270	273	269	263	289	289	285	306	305	270	268	278	272	297	271	284	300	266	296	297	269	279	289	280	254	321	268
Polynucleobacter	G	390	395	397	375	389	357	416	399	387	371	397	378	428	394	360	367	373	414	375	387	417	386	391	373	387	409	378	380	394	395	400	377	384	330	331	415	379	388	346	373	355	387	365	398	398	379	396	371	365	377	382	418	374	371	392	390	376	382	381	401	390	416	380	385	368	334	394	404	395	401	386	392	410	412	412	388	383	399	401	390	368	407	393	379	372	389	394	386	408	386	386	412	414	386	372	383	386	417	373	374
Achromobacter	G	311	328	352	346	332	364	339	356	347	336	314	361	341	358	332	318	343	326	346	333	346	339	354	332	329	340	328	353	336	347	377	339	343	345	352	359	374	355	313	352	359	371	333	352	338	320	338	339	329	309	343	337	307	322	318	331	330	351	329	340	340	322	349	342	358	374	304	317	355	352	319	335	311	347	301	325	324	380	347	319	316	335	355	333	315	338	329	332	340	330	312	309	363	325	369	331	353	355	334	343
Polaromonas	G	200	221	206	209	189	212	210	206	186	194	186	219	204	223	230	198	207	203	210	208	216	211	185	180	199	218	227	166	214	209	225	205	185	199	194	189	187	181	178	181	219	193	209	179	216	203	220	219	195	196	210	224	214	197	232	201	215	208	220	200	191	187	198	197	214	211	234	220	203	194	192	193	206	204	195	199	212	215	202	202	212	206	208	168	192	178	211	196	178	212	228	189	213	224	211	206	193	219	187	187
Diaphorobacter	G	160	167	156	175	172	147	162	135	191	167	170	149	168	170	174	184	158	165	149	168	151	152	172	188	187	151	165	177	146	187	194	169	157	127	177	173	181	173	163	142	157	154	171	135	176	174	166	175	164	188	159	172	160	173	160	178	154	179	188	164	172	154	161	165	185	158	164	143	179	183	162	173	159	158	176	149	162	192	162	148	158	167	161	156	152	175	172	156	170	158	153	177	153	156	185	169	185	200	158	164
Undibacterium	G	24	34	33	40	30	40	27	38	40	35	30	27	32	29	25	28	29	33	33	31	34	32	29	38	23	29	37	26	30	37	29	30	24	38	35	25	35	32	26	34	28	36	24	33	34	25	29	38	23	37	40	24	36	22	33	35	32	36	31	29	36	27	31	28	21	28	28	32	34	32	23	29	26	40	37	33	30	29	35	38	34	33	35	30	36	40	31	30	37	44	31	26	30	35	25	34	30	24	43	31
Curvibacter	G	97	104	98	108	115	103	88	104	107	98	87	119	115	92	91	82	92	104	97	95	110	100	99	87	88	87	111	106	94	110	103	115	109	110	106	98	109	105	97	106	78	110	108	97	95	110	104	115	106	109	97	99	105	101	89	103	98	93	121	91	95	112	106	102	101	90	96	104	84	94	109	117	117	111	90	90	82	104	119	100	110	101	109	92	101	103	89	119	108	88	113	101	101	101	89	95	89	110	100	101
Candidatus Symbiobacter	G	130	127	140	140	125	123	133	122	157	131	134	129	139	148	134	119	140	122	136	142	137	134	140	115	135	132	141	142	152	143	108	141	143	150	130	133	130	120	128	122	148	135	126	115	123	156	121	132	152	129	138	148	159	135	122	117	144	120	144	143	136	127	139	135	137	143	141	129	144	140	133	150	129	123	120	119	112	128	122	151	121	143	151	137	138	141	134	145	144	151	137	142	139	133	114	155	144	146	154	159
Leptothrix	G	50	56	69	69	62	60	66	62	64	64	62	55	62	69	60	58	59	65	67	63	75	63	70	52	60	72	50	59	53	61	67	59	52	63	65	79	56	64	55	62	47	65	61	61	62	72	53	58	56	68	64	67	70	49	69	53	59	48	60	58	66	62	76	61	55	62	54	78	50	56	77	56	76	65	49	57	50	62	48	75	53	67	57	59	53	61	59	53	62	57	44	58	69	48	53	53	63	68	49	49
Ramlibacter	G	83	106	111	102	96	124	104	103	115	100	119	123	106	99	122	105	97	87	99	98	100	105	110	101	115	103	124	95	103	124	95	101	122	94	112	106	107	111	122	101	111	95	109	118	115	106	123	96	107	120	102	97	113	115	105	98	120	103	93	98	105	109	105	111	97	105	126	103	137	117	95	106	110	102	99	106	120	100	128	100	93	111	115	123	101	93	106	106	115	97	103	108	97	118	93	101	109	103	103	118
Janthinobacterium	G	73	58	53	67	63	71	62	78	72	69	78	62	70	64	65	88	57	78	62	62	70	64	66	53	60	59	71	54	67	66	71	65	56	73	69	72	66	58	62	60	64	66	82	61	48	74	65	63	66	62	76	65	73	55	59	57	64	63	69	55	60	71	60	63	62	59	70	72	55	64	63	81	60	79	77	67	78	60	77	71	63	60	65	80	63	70	70	58	52	74	63	68	70	65	59	77	73	74	66	83
Rhizobacter	G	112	82	84	82	107	99	99	92	84	95	93	87	99	108	81	95	84	80	81	91	94	102	73	89	93	101	70	76	83	79	82	98	91	77	100	90	86	80	100	77	91	87	85	84	78	87	88	96	97	89	87	109	100	91	89	83	94	84	94	94	90	90	83	98	100	87	91	101	93	85	101	88	86	99	94	97	103	80	99	77	101	87	110	87	93	74	109	106	74	100	116	104	93	81	105	85	86	75	81	84
GKS98 freshwater group	G	111	102	117	104	116	114	121	132	117	127	104	111	113	116	92	124	113	116	104	119	111	125	98	101	118	112	110	106	120	92	107	120	128	140	108	112	100	111	107	119	115	100	117	100	112	122	125	111	103	117	99	100	111	107	107	92	114	120	119	101	111	111	116	113	102	106	123	116	127	132	117	113	117	129	106	104	115	101	106	112	115	101	103	107	109	120	112	108	104	130	122	127	117	111	118	112	109	91	113	117
Cupriavidus	G	54	51	60	59	52	49	47	54	59	52	58	68	59	59	58	54	68	64	59	66	55	53	42	67	63	66	45	59	60	60	56	75	66	59	64	55	63	59	70	59	54	65	80	61	65	52	61	53	68	71	64	52	58	64	50	61	49	55	54	67	63	49	61	67	68	56	54	62	53	62	68	63	58	52	56	54	63	59	57	56	64	48	52	47	62	47	54	67	59	71	47	52	67	58	57	66	63	59	52	68
Brachymonas	G	79	71	61	93	67	78	42	66	75	81	77	68	79	73	74	68	79	57	83	73	82	90	73	66	90	70	73	90	74	80	73	69	66	87	79	73	72	86	74	63	66	65	72	60	71	78	81	68	71	82	77	85	70	58	63	68	78	75	67	71	67	74	85	57	56	65	76	97	94	82	80	77	76	87	60	77	52	82	74	90	71	81	76	67	82	71	106	71	76	77	96	78	80	85	63	68	59	77	60	80
Herbaspirillum	G	31	24	26	33	37	26	25	44	24	37	30	31	29	29	27	29	30	28	31	34	36	35	24	24	39	24	27	37	25	26	28	24	32	32	43	22	30	35	23	27	35	25	29	29	34	37	32	33	33	26	21	37	32	29	34	36	33	28	36	28	30	30	28	27	28	33	34	30	31	30	36	23	29	38	26	28	37	28	39	21	30	32	31	33	28	29	28	34	34	42	29	23	29	35	26	24	31	39	24	42
MWH-UniP1 aquatic group	G	54	66	65	52	46	61	67	56	67	71	64	59	52	53	52	65	60	71	39	73	60	54	57	49	56	66	46	68	78	68	64	54	56	61	71	68	55	58	61	61	51	56	60	61	67	55	57	68	59	57	58	44	60	59	55	48	57	56	71	57	67	68	52	56	54	54	65	53	46	49	71	56	40	63	56	51	49	54	61	61	62	73	56	65	48	69	53	58	63	55	62	60	68	50	48	60	56	66	53	73
Ottowia	G	65	74	73	69	69	89	58	74	67	90	79	79	78	76	73	75	82	84	76	83	80	71	78	69	98	79	77	79	83	69	84	69	85	75	72	69	73	73	83	77	60	79	69	85	75	77	72	73	64	78	78	75	80	82	86	72	74	77	78	82	75	67	63	75	75	73	68	81	71	74	86	52	70	75	75	83	86	93	92	71	86	78	72	75	83	88	84	84	71	79	83	66	76	69	101	67	75	60	70	73
Alcaligenes	G	47	38	41	36	41	38	33	39	33	40	37	52	41	43	52	43	45	43	40	42	34	39	24	42	58	40	43	47	36	54	45	38	35	35	35	44	46	37	38	39	44	42	46	45	40	38	51	47	40	42	39	38	51	44	51	34	50	41	41	47	30	53	36	36	35	47	51	34	45	44	41	42	46	49	48	28	39	38	31	52	41	29	53	40	52	50	48	45	41	42	37	37	38	37	34	39	42	43	39	45
Sphaerotilus	G	68	67	68	67	75	77	64	63	79	62	64	59	63	56	63	61	74	65	59	65	74	60	63	76	67	78	75	59	67	71	64	67	66	76	81	65	64	66	72	60	61	65	72	59	63	75	67	75	73	74	68	78	73	66	70	76	56	63	72	87	63	69	80	88	75	75	56	69	55	65	56	81	74	69	61	81	58	76	60	72	84	76	70	83	58	86	63	72	58	78	65	63	73	73	78	78	65	66	68	61
Ideonella	G	27	21	27	26	26	27	32	32	29	27	33	33	35	23	28	25	20	30	32	29	28	27	31	23	15	21	36	34	31	25	17	25	35	25	33	26	24	28	29	18	24	32	26	20	26	27	27	32	30	30	25	29	27	23	20	35	35	21	45	31	27	28	29	27	18	22	24	24	28	25	27	26	31	20	30	35	31	28	21	38	24	35	41	28	39	35	22	28	21	28	30	30	24	35	27	33	25	35	28	26
Ralstonia	G	53	55	44	46	61	47	73	52	50	43	50	45	40	52	47	57	50	48	45	65	46	51	38	49	54	42	43	58	55	62	48	49	37	57	45	63	40	50	64	60	45	45	54	67	54	51	45	49	40	63	40	54	63	43	38	51	43	47	48	34	61	48	56	54	52	46	46	45	62	53	55	40	61	51	48	46	47	49	43	51	53	46	53	59	61	45	56	54	46	40	36	50	54	43	55	50	51	61	50	40
Pseudorhodoferax	G	49	36	48	33	44	48	49	47	49	57	42	45	59	40	42	47	55	38	50	45	39	45	48	46	45	38	48	49	44	44	35	59	52	44	43	46	55	46	35	56	45	48	35	41	46	47	43	38	53	45	47	52	46	40	53	43	48	55	35	44	45	49	54	41	44	44	46	43	49	35	45	45	54	40	39	39	46	53	44	48	42	41	39	46	62	46	48	52	42	48	48	48	52	59	48	54	39	47	40	41
Noviherbaspirillum	G	25	33	30	33	35	28	39	39	27	33	39	23	34	31	31	29	24	26	27	35	28	47	31	25	33	36	27	28	34	43	23	31	27	40	31	40	34	34	43	23	48	20	32	35	38	44	34	34	31	34	25	28	30	25	44	45	27	30	15	36	19	36	32	24	39	36	41	26	35	28	31	43	32	43	25	28	32	32	35	35	38	30	31	34	34	29	28	26	35	34	27	38	30	26	43	35	33	31	37	29
Herminiimonas	G	47	46	47	48	35	43	46	44	38	51	42	34	45	42	54	38	38	32	38	43	50	34	47	47	44	29	41	53	42	47	31	41	61	45	49	42	49	36	53	57	48	46	39	44	37	54	45	55	45	26	50	44	44	41	34	36	32	44	47	45	43	39	33	55	48	45	38	46	51	35	45	33	62	37	35	46	41	47	43	43	40	46	56	37	43	40	42	56	32	44	44	47	40	36	50	48	43	44	51	35
Roseateles	G	17	12	12	14	19	14	12	16	19	21	11	12	12	16	9	19	16	16	17	13	20	11	19	17	16	13	19	23	19	16	11	16	18	16	14	17	13	16	17	15	14	11	23	20	22	15	22	10	9	14	14	14	14	20	20	15	14	14	22	17	21	16	15	17	7	9	17	22	16	14	15	21	12	14	13	16	20	8	17	13	13	9	11	19	17	12	19	12	9	10	15	12	11	15	22	11	15	12	14	14
Xylophilus	G	11	9	13	13	15	10	12	19	21	16	5	12	15	20	12	10	16	16	18	13	24	13	18	14	11	7	18	15	13	14	16	19	16	13	19	19	17	9	17	11	14	13	10	9	15	17	12	10	13	19	16	17	16	13	14	13	13	11	12	12	13	15	11	19	10	7	8	14	12	8	20	10	17	12	11	17	11	18	11	15	10	12	16	16	10	8	21	17	21	12	12	16	11	11	7	10	13	10	16	10
Caenimonas	G	20	16	27	18	28	21	24	19	16	20	26	19	24	16	17	29	23	23	21	18	20	20	20	22	20	22	26	17	22	20	36	24	21	23	19	23	20	20	20	20	12	18	11	25	14	17	19	25	21	14	19	20	20	21	17	16	22	21	19	20	25	19	29	16	19	17	5	23	20	20	23	20	27	24	16	31	21	19	24	28	19	21	20	20	19	18	28	25	13	17	19	20	23	14	18	23	18	28	21	22
Duganella	G	26	16	18	30	18	23	18	24	20	19	26	23	20	33	22	20	30	15	30	23	27	17	12	26	20	27	19	20	23	25	20	24	23	23	23	19	20	23	20	22	25	28	25	20	26	22	23	23	12	21	31	21	19	28	21	25	12	25	19	23	25	15	25	23	27	24	24	17	16	25	25	14	19	22	25	33	15	29	27	19	19	17	18	17	28	21	26	21	19	30	20	24	26	25	23	27	14	16	20	16
Collimonas	G	15	14	16	14	22	16	11	16	16	16	14	13	15	13	11	9	16	11	12	10	7	10	16	9	7	3	21	16	16	13	15	12	17	15	13	16	13	12	12	16	15	16	13	11	16	10	18	17	8	17	13	10	12	12	10	12	12	12	15	10	13	7	22	9	12	14	14	11	12	16	11	17	11	19	17	13	9	13	11	11	15	18	11	14	16	12	16	14	9	6	15	13	19	11	14	12	16	13	11	7
Pandoraea	G	1	2	3	1	2	4	4	6	1	2	1	2	2	4	1	2	2	4	1	1	3	0	1	4	3	4	7	0	3	2	3	2	1	1	2	3	3	2	1	2	7	2	1	3	1	1	4	0	2	4	1	1	9	2	4	1	1	5	1	1	2	3	4	3	4	1	3	2	2	2	1	2	5	2	1	3	1	3	2	1	2	2	0	2	1	1	1	3	1	1	2	5	1	6	2	3	5	2	3	3
Malikia	G	12	11	16	9	6	9	14	10	6	10	17	16	11	11	9	10	8	11	7	14	5	15	10	9	14	12	16	11	9	16	10	15	10	10	7	3	11	6	11	11	10	8	12	10	6	7	15	12	6	8	7	5	7	10	8	8	11	13	14	7	12	14	14	9	7	9	3	11	18	7	12	8	10	12	8	7	9	10	9	9	10	10	10	7	10	8	9	10	5	5	8	4	9	14	6	8	7	10	15	10
Pseudacidovorax	G	1	7	5	8	5	5	5	7	2	4	7	6	8	4	4	1	3	5	2	3	5	7	5	3	6	7	3	3	2	2	1	3	2	4	4	3	4	2	2	3	2	4	5	6	3	2	2	2	5	3	5	3	7	6	8	3	8	8	6	4	6	6	3	6	4	2	5	6	4	6	3	5	2	3	4	2	8	1	4	4	4	4	6	9	1	5	2	5	5	6	6	6	3	4	3	3	3	6	5	2
Paucibacter	G	16	17	20	14	21	15	22	10	23	15	22	9	15	25	15	23	23	17	15	20	19	15	18	17	22	13	12	11	15	13	14	12	15	15	16	17	13	17	15	20	16	18	14	11	20	14	16	21	15	17	19	14	17	19	13	18	24	15	17	19	18	18	18	20	16	22	12	20	12	24	15	21	19	7	16	15	16	16	19	13	19	19	18	18	19	22	12	23	22	21	19	14	17	22	12	15	19	23	15	9
Lautropia	G	10	16	14	14	23	15	20	23	17	17	14	20	16	18	17	18	26	12	21	19	20	20	21	15	16	19	11	22	20	9	17	10	11	19	18	21	19	18	19	20	20	13	19	10	17	21	20	18	16	18	17	20	16	28	20	19	19	27	11	16	8	22	11	18	14	21	24	15	18	12	23	11	18	15	15	17	15	18	19	17	14	12	11	15	19	15	14	19	17	17	17	17	14	19	9	22	16	15	19	17
AAP99	G	2	4	5	2	6	6	8	6	4	3	5	3	4	2	2	3	2	1	6	4	1	0	2	2	0	4	4	5	6	10	3	4	2	9	2	1	7	3	4	5	5	6	5	3	3	3	2	4	7	5	2	3	1	0	2	4	3	4	2	3	4	1	5	1	6	3	5	6	7	4	2	3	4	4	3	7	6	2	4	6	1	4	6	6	8	3	5	3	7	2	2	3	4	9	6	2	2	3	6	3
Xenophilus	G	7	10	10	6	8	5	7	4	7	8	12	10	6	9	8	7	3	7	9	11	6	10	4	7	12	5	6	4	5	8	7	8	14	6	11	8	6	5	6	8	13	9	11	8	7	9	8	7	9	2	14	3	7	10	9	8	4	8	10	7	11	4	9	6	4	11	3	7	11	7	8	6	5	10	4	9	13	3	6	8	7	8	10	7	5	2	7	11	9	6	6	6	7	8	8	10	4	6	10	5
Inhella	G	3	1	4	7	2	5	1	5	5	4	9	4	1	4	6	7	2	7	3	3	10	12	7	5	4	5	5	7	2	3	4	4	6	2	3	7	8	3	2	3	7	6	5	6	1	4	1	2	7	8	4	3	8	2	7	6	3	3	1	4	2	6	5	4	8	4	7	6	7	6	5	5	8	6	6	2	3	8	8	6	5	7	4	2	6	5	8	4	5	2	10	5	0	6	6	7	4	3	6	6
Parasutterella	G	14	11	14	20	18	19	14	16	11	17	9	19	25	10	9	13	24	17	13	18	9	17	14	18	12	5	15	17	9	13	11	19	9	15	12	14	15	15	14	8	16	12	8	13	14	18	15	17	11	20	12	15	15	8	12	15	20	18	17	11	14	21	18	11	14	23	14	11	11	13	16	17	13	12	17	6	16	5	14	14	11	9	18	12	12	6	17	18	11	14	7	18	16	14	17	11	16	18	9	14
Oxalicibacterium	G	1	1	1	1	0	4	0	0	5	0	2	1	2	0	6	2	3	1	2	5	3	1	3	1	3	2	0	2	6	2	2	0	1	4	0	1	2	4	1	2	1	1	1	0	2	3	4	2	0	6	2	3	2	1	2	1	0	4	3	4	1	3	1	2	1	0	3	3	5	5	1	2	4	3	1	2	3	1	1	2	3	3	2	3	1	2	2	3	0	2	2	2	1	2	0	1	2	1	2	0
Bordetella	G	8	10	7	12	17	10	8	12	10	9	16	8	16	10	12	14	13	5	7	8	6	13	6	10	4	9	5	18	4	8	10	7	10	6	8	10	13	8	7	7	8	11	5	15	6	7	9	9	4	14	15	10	12	8	15	14	7	8	10	5	7	12	6	10	7	11	13	9	7	10	13	7	9	6	8	14	7	9	11	13	9	18	10	9	9	7	5	9	10	5	10	12	8	13	7	8	6	8	9	11
Limnobacter	G	10	17	10	12	15	8	10	12	11	6	17	13	16	13	10	9	8	2	10	13	16	11	17	16	10	9	11	18	8	17	9	8	13	11	10	10	5	10	8	13	10	13	14	9	13	13	14	14	10	19	12	12	10	10	10	13	14	15	10	6	11	6	11	17	15	7	8	7	16	14	12	13	16	12	14	14	8	12	9	7	7	9	15	13	13	9	17	8	17	20	15	10	11	11	14	13	12	19	15	9
Pigmentiphaga	G	1	3	3	3	2	4	2	5	2	3	2	4	4	6	2	5	2	5	4	2	4	2	4	4	1	2	0	3	2	2	8	4	4	4	2	3	1	2	0	0	2	5	4	1	2	3	2	2	1	2	2	1	2	1	2	0	0	3	2	2	3	5	1	4	3	2	3	2	2	4	2	4	3	5	2	1	6	2	1	4	1	1	1	5	4	0	6	5	1	2	2	3	2	1	2	4	3	2	5	4
Verticia	G	9	5	12	10	10	10	9	3	3	12	11	7	4	3	11	11	12	8	9	10	2	15	5	7	4	4	7	4	3	6	5	6	7	3	3	4	7	12	11	9	8	10	7	10	6	3	6	9	5	6	10	4	8	8	7	8	12	6	7	5	5	10	9	8	8	12	7	9	6	8	10	9	9	5	2	10	11	11	5	13	8	5	8	9	10	7	14	8	9	5	5	5	10	8	4	10	3	6	4	9
Macromonas	G	9	11	9	6	7	3	8	10	7	8	14	10	11	8	11	7	9	12	12	9	8	10	9	12	12	11	6	7	4	6	8	9	8	14	9	12	8	19	11	6	13	13	10	10	14	10	15	5	7	11	7	5	8	10	5	12	10	8	13	5	13	8	16	3	6	8	6	3	9	8	11	6	3	15	7	10	12	11	11	5	16	7	15	7	6	12	10	16	4	9	7	8	12	9	6	5	9	9	11	9
Verminephrobacter	G	6	15	18	12	15	19	11	14	13	13	12	10	17	22	12	9	16	13	8	14	13	15	9	14	11	14	14	8	13	12	7	8	10	15	14	6	15	7	14	11	7	9	15	8	17	14	16	11	9	17	15	8	5	15	10	13	11	10	22	19	4	8	10	9	7	14	12	9	11	10	18	13	14	6	11	14	12	15	17	11	14	10	12	15	16	10	11	14	18	16	13	12	12	18	16	13	10	14	15	18
Alicycliphilus	G	7	6	3	4	5	5	4	4	5	3	4	7	11	5	8	8	8	5	12	4	2	5	7	8	6	9	4	7	2	4	2	4	6	9	6	9	4	5	3	5	6	3	5	8	1	7	7	3	5	8	2	8	3	2	9	6	3	5	9	5	4	1	5	5	8	4	6	11	11	4	7	5	4	5	6	10	8	6	2	6	6	2	6	2	9	4	2	3	11	9	6	6	2	8	4	8	8	5	2	5
Candidatus Vidania	G	11	7	9	10	9	10	11	14	10	15	13	16	8	6	7	12	8	8	10	11	8	6	17	10	10	7	11	6	11	13	10	12	11	8	10	13	9	4	10	11	15	10	6	14	11	19	11	14	5	11	10	6	7	19	12	14	12	8	14	10	13	11	12	17	8	13	19	11	9	12	9	14	9	8	18	9	14	17	10	14	8	8	2	6	12	14	7	13	12	13	5	16	12	12	9	15	14	10	8	19
Sutterella	G	15	5	9	13	13	10	10	9	5	9	12	10	11	15	7	11	13	8	9	13	9	8	7	11	14	7	15	7	17	15	12	7	11	11	9	8	6	13	13	11	15	13	8	5	14	12	10	7	19	15	11	10	11	10	8	19	9	13	14	9	14	12	12	11	14	6	7	15	5	11	17	14	13	8	10	6	6	10	10	8	7	11	16	9	9	11	12	8	6	13	13	10	9	10	12	13	8	13	12	13
Thiomonas	G	2	2	2	4	5	4	6	4	1	1	1	3	4	1	4	2	0	8	0	3	3	3	2	2	2	4	2	5	2	1	0	3	3	2	1	1	3	3	4	3	4	3	1	2	1	2	5	2	3	4	0	2	4	3	0	1	2	2	1	2	4	4	2	3	6	1	2	4	4	2	5	3	3	5	2	2	7	5	2	5	5	4	0	4	4	3	5	2	2	2	3	5	2	3	1	6	1	4	2	2
[Aquaspirillum] arcticum group	G	2	5	3	7	2	2	3	3	3	1	4	3	3	2	3	7	4	3	7	2	3	5	1	2	3	0	2	2	2	2	3	4	2	2	1	4	2	1	2	3	2	2	3	3	6	4	1	2	3	2	3	2	3	4	3	1	1	2	2	2	3	3	0	5	3	2	2	2	7	3	2	4	2	4	6	5	4	3	5	6	1	2	2	1	6	4	4	2	4	2	0	3	0	1	4	1	8	4	2	4
Rubrivivax	G	6	6	6	7	2	2	8	7	4	2	5	2	11	7	7	6	10	6	0	3	4	2	6	11	3	3	6	5	6	4	3	1	4	8	5	1	6	7	5	9	4	4	5	9	5	4	3	3	5	2	2	4	6	3	1	4	2	3	1	5	7	0	7	6	3	5	3	3	3	4	3	2	1	5	9	3	11	6	4	7	6	6	3	5	6	2	3	3	6	6	3	4	4	6	5	5	6	6	3	4
Tibeticola	G	1	6	5	9	6	11	6	8	5	4	4	2	5	3	8	4	4	7	5	5	3	6	2	9	7	5	10	4	4	5	6	7	3	2	4	12	4	6	9	5	6	4	8	4	6	2	3	5	3	3	7	5	6	4	4	7	3	3	6	4	4	4	9	6	6	12	4	8	2	7	9	10	4	8	2	7	3	5	6	4	8	4	8	6	8	5	3	3	3	2	3	2	7	8	9	10	5	2	8	6
RS62 marine group	G	1	3	2	2	3	2	4	1	2	3	5	6	3	2	2	3	3	3	3	2	4	2	3	7	2	1	1	2	1	3	2	2	2	3	5	3	1	2	2	3	5	6	4	6	3	1	3	6	2	4	4	1	1	5	5	1	4	3	4	4	2	3	4	3	5	6	2	2	2	1	3	2	4	1	2	6	2	4	2	2	4	4	4	1	2	6	3	4	5	1	4	3	4	0	2	6	2	3	0	0
Kinneretia	G	2	1	2	0	2	4	2	6	5	0	2	2	1	3	3	2	2	3	2	5	2	0	6	4	2	0	0	0	3	3	2	1	2	1	0	5	2	3	2	5	0	1	2	2	1	1	1	2	5	1	0	1	1	4	1	0	4	4	2	6	3	8	2	3	3	3	2	5	3	2	3	3	2	6	0	4	3	1	3	1	2	3	0	0	3	2	3	2	3	3	2	0	3	1	2	1	8	2	5	3
Castellaniella	G	6	11	5	5	2	4	3	4	4	7	6	5	0	7	5	6	9	6	6	7	5	4	7	4	3	6	5	6	9	7	7	7	5	7	2	7	9	6	7	11	6	4	6	4	1	6	5	6	6	4	10	3	3	5	11	10	5	7	5	5	10	13	7	4	13	1	6	4	5	8	4	10	2	10	5	1	5	4	4	7	7	6	5	4	8	5	2	6	5	2	6	6	4	4	7	4	3	7	3	2
Zoogloea	G	24	27	29	18	25	31	23	26	15	22	31	19	24	31	31	22	26	21	27	27	21	27	23	23	18	31	31	23	27	27	22	26	27	28	26	29	27	29	31	26	30	23	26	32	21	24	31	33	37	26	25	17	25	20	34	18	17	28	30	21	21	30	30	16	33	24	29	29	34	14	25	21	24	24	25	23	27	29	23	23	25	25	22	28	29	29	32	16	22	25	27	30	31	12	17	29	19	28	23	32
Dechloromonas	G	20	32	33	28	37	21	38	32	32	38	29	28	27	22	26	29	31	19	24	38	29	25	31	28	29	25	25	27	24	32	29	36	43	24	21	28	36	28	26	26	29	30	18	30	35	42	28	29	26	20	32	30	29	25	37	18	26	44	30	32	46	32	23	39	31	28	27	28	39	35	25	28	28	27	32	37	27	22	25	33	21	30	22	30	33	26	25	31	31	29	34	28	37	25	34	22	21	23	26	24
Thauera	G	18	10	14	9	8	11	13	15	14	11	16	11	19	10	9	14	10	9	9	10	15	13	10	18	14	16	14	17	14	19	12	13	13	10	10	14	7	9	14	10	14	15	11	17	18	13	10	13	14	10	12	10	17	11	15	13	9	11	16	15	7	11	12	11	8	15	11	15	13	14	11	23	11	19	10	11	18	15	15	16	16	12	11	8	9	12	16	6	23	14	8	14	16	12	8	14	8	13	13	19
Rhodocyclaceae (uncultured)	G	16	11	16	13	15	18	14	12	12	18	18	18	10	15	10	16	15	10	17	11	12	13	22	23	16	11	11	11	14	18	19	13	15	11	14	14	11	12	13	12	12	14	17	13	9	12	14	24	13	15	12	19	14	18	13	15	10	18	9	11	20	19	16	16	19	16	13	20	16	17	13	23	14	14	29	12	20	22	14	16	16	11	13	16	19	16	13	22	18	20	22	20	16	14	20	12	18	12	16	15
Sulfuritalea	G	55	56	58	57	70	57	57	45	59	52	55	48	66	68	53	53	46	48	46	45	58	44	56	51	50	79	40	51	57	55	58	72	59	43	48	67	54	55	60	49	53	55	50	59	76	51	56	44	59	47	50	64	48	45	53	50	54	60	56	53	52	63	72	52	62	59	74	49	56	68	57	52	60	51	72	56	55	53	62	61	62	63	60	52	50	43	54	56	59	48	69	52	52	50	59	42	49	47	53	53
Denitratisoma	G	8	13	5	9	11	7	12	14	4	6	13	10	11	8	10	10	9	7	8	12	11	9	12	9	9	10	12	4	8	11	7	13	15	9	7	9	6	7	9	14	8	8	10	12	9	14	10	8	9	12	5	6	11	4	10	8	16	9	8	12	10	4	12	6	10	9	5	10	9	14	12	8	12	13	10	12	6	12	16	11	11	6	9	6	9	7	6	9	7	7	15	8	13	9	7	5	8	6	14	11
Azoarcus	G	2	4	3	4	1	3	3	4	5	4	4	3	5	4	1	3	5	7	5	3	4	2	5	1	2	5	2	0	6	2	5	0	2	2	2	5	4	3	4	3	3	3	1	6	5	7	5	5	3	9	4	2	3	4	1	2	6	4	2	9	3	4	6	4	3	3	3	1	2	4	3	5	6	5	3	4	5	2	5	3	4	5	1	6	4	4	3	5	4	3	6	3	5	2	5	2	3	5	4	3
Azospira	G	2	3	6	5	1	5	7	5	4	8	5	5	4	2	4	4	0	7	0	4	6	4	8	5	3	4	7	3	1	5	3	5	3	3	3	3	7	1	2	4	4	6	2	6	1	6	5	3	8	3	5	6	4	1	3	3	5	2	1	4	6	4	2	2	3	4	5	1	2	2	2	2	1	3	2	4	10	4	3	2	4	2	8	2	4	3	2	1	5	1	3	1	2	3	3	3	1	0	1	5
Candidatus Accumulibacter	G	5	3	6	3	6	5	7	2	3	2	3	4	3	6	4	4	3	6	3	2	7	3	2	4	3	3	3	2	2	2	1	4	1	3	5	3	4	4	3	3	0	4	0	6	4	1	6	2	4	5	2	1	1	3	6	4	3	1	0	4	2	2	4	4	1	6	2	6	2	3	1	3	2	2	5	7	2	1	6	4	4	5	4	3	6	4	3	4	2	4	3	3	4	2	4	8	4	2	2	6
Uliginosibacterium	G	15	14	9	6	14	10	12	13	13	11	19	7	8	12	9	9	10	7	8	12	9	17	7	9	11	9	11	7	14	7	15	6	10	14	7	11	5	12	8	9	8	4	5	12	13	16	7	8	7	8	8	17	14	8	8	9	9	8	11	9	11	9	13	10	6	7	12	6	9	13	8	12	5	6	5	8	10	12	8	14	11	13	13	12	10	8	6	10	7	9	16	12	7	8	6	2	8	9	8	9
Propionivibrio	G	2	3	3	7	4	3	1	4	3	6	3	1	4	3	3	1	3	3	3	2	5	3	3	4	4	4	2	4	2	2	6	4	2	2	5	2	6	1	6	1	3	0	1	2	0	5	3	2	6	2	3	2	0	3	2	5	3	5	2	2	2	3	2	4	3	3	4	3	5	4	3	2	3	5	2	4	3	7	4	4	1	2	3	2	3	3	6	2	2	1	3	2	7	5	4	1	5	2	2	6
Methylophilaceae (uncultured)	G	362	342	355	325	334	349	316	331	338	347	351	337	338	347	362	327	326	355	362	318	370	370	324	355	354	343	323	337	385	353	342	327	324	334	369	342	343	363	352	332	325	333	379	348	331	358	373	378	333	329	325	356	332	324	369	365	353	355	333	356	364	348	319	344	339	354	346	335	340	390	333	357	364	332	345	343	396	360	374	374	351	349	372	331	359	347	336	351	322	330	344	343	363	350	347	371	368	371	301	357
Methylotenera	G	60	64	81	61	61	72	73	68	63	69	60	72	71	74	61	64	76	77	53	60	68	71	72	71	72	70	69	66	70	57	71	65	62	75	71	68	54	67	71	62	76	70	65	55	68	69	61	58	66	59	66	73	68	60	62	57	65	59	59	63	57	71	73	64	68	74	71	77	77	70	66	68	75	83	72	71	58	56	56	52	56	72	71	72	85	86	71	56	69	75	77	72	81	65	69	73	70	77	57	73
Methylophilus	G	27	31	25	42	31	25	27	31	34	26	30	41	31	34	28	26	31	31	32	33	38	29	37	28	35	30	33	31	38	27	38	28	40	29	27	31	26	38	32	28	34	40	24	28	30	31	27	22	34	34	23	26	28	28	32	42	28	44	23	22	32	31	28	42	30	23	27	38	33	27	31	29	29	34	29	38	33	27	33	29	22	35	29	40	25	23	24	24	33	45	32	35	24	19	35	33	29	28	23	41
Methylobacillus	G	16	20	12	12	17	10	11	12	10	5	3	8	12	16	13	15	13	6	11	12	15	10	7	8	8	10	7	6	7	11	8	9	16	12	8	21	8	10	16	9	13	10	14	12	10	10	14	18	9	9	13	9	14	21	13	6	11	11	8	10	13	17	7	13	10	11	11	7	12	13	11	12	10	19	13	9	7	10	6	17	10	11	17	20	15	16	9	12	7	16	5	12	8	9	10	12	7	8	10	10
OM43 clade	G	21	16	25	21	15	17	21	18	19	28	15	19	21	19	23	14	19	14	19	23	16	15	12	26	15	17	29	18	18	15	26	23	27	14	22	16	18	22	20	15	14	16	16	11	25	11	16	20	15	18	22	15	16	15	26	22	17	21	22	13	15	17	16	20	20	19	19	15	11	16	15	12	15	15	17	15	8	19	21	16	21	19	20	21	19	18	15	17	21	16	14	14	18	17	13	12	20	21	15	19
Ellin6067	G	16	21	19	11	13	16	18	18	19	11	23	12	21	18	22	23	23	15	22	23	19	21	25	28	17	19	20	25	21	27	28	24	21	16	23	19	18	19	23	23	23	15	25	21	28	13	9	14	26	15	22	16	18	22	13	18	23	21	21	20	22	13	29	24	15	22	22	21	24	16	20	11	14	12	15	18	20	27	17	24	17	19	22	20	20	15	19	22	9	12	20	16	16	18	24	21	8	16	23	19
Nitrosomonas	G	4	2	2	1	4	5	0	3	1	3	1	1	3	2	1	3	6	0	2	0	4	3	1	2	2	2	1	3	1	3	1	5	3	4	0	0	1	0	1	2	3	6	3	1	0	3	7	2	4	1	3	3	1	3	4	1	2	3	5	1	2	1	3	8	0	3	2	2	3	2	2	1	2	0	5	1	3	2	0	1	4	3	2	6	2	1	4	1	4	0	0	4	2	3	1	4	1	4	3	4
MND1	G	31	23	29	19	16	30	18	20	19	28	17	22	20	26	15	18	19	25	28	25	15	15	24	27	18	20	17	23	17	22	18	27	22	28	17	21	16	22	18	25	23	22	24	15	31	28	21	25	25	21	21	20	25	23	12	24	15	26	35	25	24	28	18	18	27	25	20	21	20	14	25	22	22	30	31	15	20	28	14	20	22	16	18	14	24	23	34	16	31	24	21	14	22	27	28	20	31	34	25	20
IS-44	G	5	5	1	2	5	2	2	2	1	2	3	2	2	4	2	3	4	3	1	3	1	0	3	2	1	1	4	2	2	2	4	1	3	5	4	3	7	6	2	3	7	3	0	5	4	2	6	0	2	4	4	2	5	2	0	4	3	6	1	4	4	2	2	5	2	2	3	2	2	5	0	2	3	6	4	5	9	4	7	6	3	5	1	2	3	3	2	2	2	2	2	1	3	6	2	5	1	5	1	2
Neisseria	G	6	6	7	9	3	6	6	2	10	8	5	2	6	6	5	6	6	7	4	5	4	2	2	4	5	9	5	5	8	7	8	6	8	4	9	3	5	4	8	7	6	6	12	4	8	5	8	5	6	4	10	7	7	4	9	5	5	4	8	6	8	7	10	13	10	7	8	5	15	5	4	6	5	6	8	4	4	7	7	7	6	5	4	7	4	12	4	2	4	6	5	7	6	9	7	7	4	8	7	5
Neisseriaceae (uncultured)	G	3	3	1	5	3	3	2	4	2	3	2	0	2	3	3	2	0	1	1	6	5	5	3	6	4	1	3	2	3	4	1	2	1	5	4	2	3	4	3	2	4	3	0	5	3	2	2	3	1	2	2	3	2	3	4	1	1	4	5	2	2	3	2	5	3	2	6	2	1	2	4	6	2	1	3	6	3	1	0	3	2	4	5	0	1	5	1	2	2	5	3	3	4	3	4	2	3	2	4	5
Vogesella	G	12	22	19	18	15	14	12	17	13	17	11	15	18	20	14	9	8	14	19	14	11	11	18	14	15	9	18	20	15	12	17	14	14	17	11	13	17	23	15	14	6	13	17	15	10	12	15	13	15	23	12	14	12	17	15	16	13	13	13	13	6	13	15	15	17	6	15	15	19	23	14	12	19	17	23	20	15	26	18	21	20	11	9	19	12	13	10	13	13	14	13	18	17	16	14	16	13	18	12	15
Hydrogenophilaceae (uncultured)	G	4	1	4	3	0	0	1	2	4	3	2	2	1	1	1	1	1	0	1	2	6	1	4	0	3	5	3	3	2	1	2	1	1	2	0	5	3	4	1	1	1	1	3	1	1	2	2	3	3	0	1	3	2	2	1	4	2	4	5	2	2	2	5	3	1	5	3	2	4	7	3	4	3	2	1	2	3	3	2	5	0	1	2	1	2	0	6	4	3	4	1	3	3	3	2	2	2	2	3	0
Thiobacillus	G	3	2	5	1	2	3	6	5	7	3	4	6	0	6	3	6	3	9	6	1	3	6	4	4	5	7	0	4	4	4	6	2	5	4	2	4	3	6	1	4	5	6	7	2	6	5	4	1	4	1	5	4	2	5	2	3	1	4	3	3	3	5	6	4	1	4	6	2	4	2	8	5	4	3	2	3	4	5	1	4	3	1	6	2	1	1	1	4	6	3	3	2	4	3	3	3	2	4	2	6
Gallionella	G	10	9	9	7	9	2	6	14	15	12	5	11	3	5	9	6	6	10	4	12	4	10	9	6	9	4	10	4	13	8	9	6	9	5	10	5	2	12	6	9	8	8	6	12	6	11	10	7	12	7	7	9	5	6	9	8	9	9	18	10	7	4	16	11	5	10	7	11	7	9	9	12	5	6	3	6	9	4	7	6	10	11	11	4	8	9	12	7	3	7	15	5	13	14	7	12	9	8	9	4
Sideroxydans	G	6	5	4	1	6	7	5	4	11	5	2	7	6	6	10	5	5	4	5	7	4	8	6	6	9	4	7	0	8	4	4	5	7	8	7	7	5	7	8	5	4	4	7	6	4	6	4	6	3	5	8	4	7	3	8	9	11	0	10	9	9	4	4	9	1	6	5	5	5	5	1	9	3	8	2	10	8	12	7	2	7	6	10	8	11	8	5	10	6	7	6	7	10	5	7	5	3	4	6	8
Rivicola	G	10	16	13	12	5	12	13	6	9	14	10	15	11	8	13	3	8	8	8	8	3	9	7	10	13	23	12	13	13	9	11	12	18	14	11	12	9	10	10	13	6	13	12	14	11	12	11	15	10	16	10	13	9	18	14	11	12	14	8	12	12	7	13	10	19	9	10	7	21	8	22	15	12	12	13	8	11	7	10	12	20	11	8	14	12	7	10	11	17	8	14	13	13	10	15	18	7	17	12	15
Aquaspirillum	G	4	7	4	3	3	4	5	7	6	12	13	6	8	4	3	4	11	3	2	3	5	10	6	5	5	10	6	3	5	4	3	12	6	7	4	3	4	5	6	5	6	3	9	2	5	7	3	5	7	8	6	5	5	5	5	7	2	4	5	6	4	3	4	6	6	1	8	11	7	7	9	7	9	6	9	3	8	2	11	10	6	4	4	8	4	4	6	5	8	10	9	6	4	5	2	3	6	7	4	5
Ferritrophicum	G	1	3	3	3	2	3	3	0	2	5	2	2	4	2	4	3	1	1	3	0	0	3	3	6	1	4	1	0	3	5	3	2	3	5	0	2	4	1	2	0	3	5	2	0	1	0	1	2	5	4	4	4	2	3	1	3	1	0	5	2	4	3	1	2	1	2	4	5	0	2	1	0	3	2	2	1	1	0	2	2	2	1	3	1	1	2	1	2	3	0	2	4	4	3	2	1	2	2	3	1
Escherichia-Shigella	G	186	179	174	203	162	177	166	199	172	170	169	176	182	177	172	159	159	165	158	172	182	156	182	199	191	160	173	172	162	174	159	181	191	170	188	186	171	164	167	173	169	162	144	184	175	169	179	198	170	167	166	167	179	195	164	172	174	176	157	192	174	160	171	175	167	172	157	170	198	183	177	195	176	179	184	166	182	168	159	190	195	181	168	170	159	187	174	164	161	173	178	190	186	160	165	172	180	173	168	175
Enterobacter	G	8	16	16	18	17	11	14	10	18	9	12	11	12	11	8	15	18	27	13	10	8	14	12	16	17	12	23	13	17	12	14	12	18	15	12	18	14	8	15	10	12	14	14	12	18	14	10	17	9	15	17	10	13	13	13	19	12	9	13	12	10	14	11	12	16	10	14	15	15	14	10	11	9	11	11	13	19	15	13	10	13	14	14	14	9	18	13	19	9	14	19	11	11	20	14	15	11	12	17	13
Salmonella	G	3	2	4	2	4	2	1	1	6	2	4	1	0	3	3	2	0	5	5	3	4	1	4	0	1	6	1	3	1	3	6	3	1	3	3	3	2	3	6	2	2	1	5	8	2	1	3	3	4	2	4	4	0	2	2	3	3	2	1	3	2	2	4	4	2	6	2	1	0	5	4	2	2	2	1	2	3	2	3	2	2	3	2	2	1	4	3	1	3	2	1	1	6	1	5	3	1	1	2	0
Serratia	G	12	14	12	9	14	15	14	8	17	9	5	5	12	8	14	14	15	10	9	4	14	13	5	10	9	10	5	17	13	10	14	15	9	6	8	15	7	15	9	13	9	12	14	11	10	15	14	13	11	11	10	8	9	10	10	4	8	10	9	7	8	12	15	8	9	10	13	5	7	11	13	12	9	10	13	8	12	7	8	9	19	9	9	7	10	7	14	6	12	12	10	11	12	8	16	14	8	13	10	9
Pantoea	G	12	11	7	8	4	8	9	6	12	15	4	7	4	9	10	9	7	10	14	4	7	7	8	11	10	15	5	8	7	6	9	6	10	7	9	6	10	5	8	9	11	9	2	9	9	7	10	5	10	3	5	11	8	5	6	10	9	3	7	6	12	8	7	7	9	10	11	11	9	7	3	3	9	8	12	3	8	10	6	10	9	9	12	12	4	10	11	13	6	11	9	7	6	6	3	8	8	9	5	7
Citrobacter	G	6	2	1	4	2	4	5	4	2	2	3	4	1	1	7	1	1	7	4	4	2	3	1	3	1	4	4	5	4	1	1	6	4	2	6	9	3	5	7	2	5	5	3	5	6	2	4	3	2	2	3	2	2	2	2	3	6	3	4	5	6	6	3	0	3	1	4	2	5	3	4	2	3	2	3	2	4	2	3	1	0	1	2	0	3	1	2	2	5	2	3	5	4	3	1	2	3	2	5	3
Klebsiella	G	11	13	9	11	4	8	11	12	7	8	4	8	8	6	7	8	11	6	10	8	6	10	10	12	10	7	11	9	10	14	9	4	8	12	10	11	13	8	9	13	11	10	10	11	5	10	10	10	13	11	5	7	10	5	6	14	6	10	11	7	9	6	11	19	10	12	9	11	8	9	9	11	12	8	8	16	12	7	13	9	10	10	7	9	9	13	11	7	9	8	6	12	10	10	15	9	16	7	7	13
Erwinia	G	6	7	4	6	5	3	1	6	3	3	3	4	3	5	3	3	6	9	1	5	7	5	6	2	4	6	3	3	5	4	5	4	2	2	5	2	4	3	5	2	3	2	5	9	5	3	7	6	6	3	2	5	3	2	4	3	6	3	5	5	1	5	3	8	2	3	7	4	10	7	10	4	2	8	5	2	5	4	2	2	3	8	4	3	5	4	3	5	4	6	5	1	2	3	2	2	1	8	5	2
Yersinia	G	8	10	5	8	2	5	9	2	5	4	3	4	5	4	7	4	10	6	8	7	6	5	4	8	9	7	5	0	4	8	8	8	3	5	4	7	4	5	5	7	5	4	7	7	7	1	10	15	9	9	5	11	6	11	7	6	6	3	8	8	5	1	6	5	8	6	3	5	7	9	5	11	7	6	4	9	7	3	4	7	4	5	6	4	6	5	11	6	6	7	5	8	4	6	3	4	6	5	7	5
Arenimonas	G	51	57	66	59	66	59	69	70	62	52	71	67	51	70	59	72	53	73	72	70	57	64	63	63	67	59	44	61	47	66	68	52	57	72	71	72	57	58	63	62	52	59	64	67	68	59	63	56	54	72	71	70	55	63	51	60	59	67	68	52	62	56	70	62	49	65	47	51	78	61	69	66	70	68	73	85	64	64	51	56	52	75	63	62	56	60	69	63	47	48	57	67	64	61	64	68	59	55	65	64
Lysobacter	G	6	7	12	8	5	12	5	6	11	9	11	5	5	5	4	9	7	8	10	11	6	7	4	5	7	5	5	8	5	7	4	6	2	7	6	10	6	7	8	5	4	5	10	9	9	3	5	5	5	4	4	6	5	7	6	5	8	7	4	6	5	9	4	6	8	6	6	6	7	10	7	12	6	5	5	6	8	9	9	7	5	5	3	6	13	7	10	6	9	4	4	3	7	9	12	11	8	4	10	9
Stenotrophomonas	G	27	18	20	12	31	16	8	20	11	16	20	12	23	18	16	10	25	22	21	17	28	19	19	19	17	20	11	21	13	13	17	22	11	20	19	20	12	17	19	16	21	19	15	19	23	18	21	27	15	16	22	22	19	23	16	15	32	18	7	20	21	23	21	20	22	16	18	19	20	16	18	18	19	17	13	11	20	15	27	16	19	26	14	15	20	22	17	23	27	27	16	18	16	17	15	26	25	21	24	17
Pseudoxanthomonas	G	3	3	4	2	2	3	2	2	0	3	4	6	2	4	3	1	2	3	2	6	4	1	5	2	7	1	0	1	2	3	1	0	4	2	0	7	2	2	2	5	2	6	3	2	3	4	5	3	6	8	6	3	3	1	1	2	6	2	3	3	3	1	5	3	3	1	3	3	2	2	0	2	1	3	4	1	2	7	1	4	3	2	4	2	5	3	3	0	0	2	3	4	5	1	0	2	3	10	3	3
Rhodanobacteraceae (uncultured)	G	16	11	11	15	20	22	15	17	17	18	13	12	19	19	21	19	13	12	15	13	20	17	19	17	17	9	16	9	20	11	20	13	16	6	16	13	13	16	13	19	17	16	15	22	15	12	20	17	16	13	14	19	18	19	16	15	13	12	14	14	16	27	25	15	23	19	17	17	20	9	11	17	22	15	14	14	16	23	13	15	14	12	16	13	19	12	12	11	22	16	20	17	15	16	15	16	18	13	14	18
Rickettsiella	G	162	174	162	161	179	162	169	168	169	192	155	168	173	158	145	171	162	168	173	163	168	180	166	139	173	151	158	168	180	184	158	198	159	182	149	164	176	165	171	151	174	182	178	154	167	171	173	189	167	175	154	184	165	166	153	157	183	170	189	162	150	187	174	168	148	162	174	179	173	178	153	181	141	162	167	162	155	155	174	170	176	174	161	168	175	177	159	149	164	139	157	156	171	173	158	180	163	172	179	156
Diplorickettsiaceae (uncultured)	G	6	8	5	5	7	2	4	9	6	5	6	4	6	4	12	6	8	4	1	5	7	7	8	8	4	5	6	2	5	10	4	3	4	6	10	6	2	8	6	6	3	4	7	6	7	4	6	3	1	4	2	5	7	6	2	1	2	8	6	6	7	6	5	8	7	5	7	5	5	4	3	6	3	10	5	3	3	7	6	7	7	9	8	6	9	10	2	6	5	8	6	5	5	6	6	5	3	9	5	9
Pseudomonas	G	118	125	101	110	106	110	99	111	104	122	114	135	101	116	136	121	127	97	110	115	117	106	115	123	114	108	112	129	118	111	109	111	110	117	114	135	113	129	104	118	125	100	122	115	106	122	105	117	105	112	105	106	114	109	127	120	133	130	98	114	117	119	125	129	87	114	114	129	130	119	114	121	108	92	124	131	114	116	111	122	106	106	102	121	114	119	105	90	114	124	104	121	112	126	105	94	114	124	134	102
[Agitococcus] lubricus group	G	0	7	1	4	1	5	2	2	5	2	4	3	2	0	5	1	2	5	1	4	3	1	1	2	3	3	2	2	2	3	2	2	1	3	1	4	0	7	2	2	4	1	1	3	6	1	1	1	3	3	4	2	4	1	5	1	1	4	4	2	0	5	2	1	1	1	4	1	2	4	1	5	0	7	2	5	4	1	3	2	1	1	4	2	0	2	2	2	1	0	2	3	2	2	4	3	0	4	2	0
Acinetobacter	G	29	35	36	37	31	45	45	28	51	51	39	39	44	37	43	41	45	34	48	28	31	34	38	44	47	48	49	36	41	49	39	31	34	39	42	43	46	45	36	33	39	45	43	34	40	47	42	62	39	50	41	43	28	47	45	38	48	38	50	46	34	35	39	37	34	37	50	41	33	34	45	40	44	41	33	46	40	33	38	38	43	40	42	46	43	31	38	41	45	37	39	42	50	45	40	51	39	54	48	47
Moraxellaceae (uncultured)	G	6	11	8	14	7	12	11	7	12	11	13	21	14	4	13	16	14	9	11	16	11	13	10	15	12	17	8	9	11	6	14	7	9	11	9	10	10	8	11	10	14	11	14	4	10	14	12	14	10	15	5	12	10	7	17	8	9	15	15	8	13	10	10	13	14	14	12	9	9	11	10	8	10	14	11	13	6	17	11	15	8	13	13	11	14	8	15	6	9	13	9	6	13	11	9	7	10	10	13	15
Rheinheimera	G	37	40	34	57	49	52	51	52	46	48	48	45	49	37	34	40	41	39	38	41	43	41	39	48	39	51	50	39	48	54	37	51	48	44	43	45	48	40	38	37	55	48	39	50	42	28	44	40	43	42	35	30	46	32	40	41	41	42	47	45	43	28	42	29	52	43	43	36	36	38	42	38	40	43	62	42	41	66	42	51	39	39	34	39	39	45	32	50	53	47	33	35	42	44	47	51	39	47	42	41
Pseudoalteromonas	G	1	4	3	1	5	3	3	1	5	4	1	0	1	1	3	1	1	3	3	2	3	1	2	1	0	7	3	3	2	2	3	3	2	4	2	2	2	1	2	2	0	3	3	4	2	1	0	1	4	1	1	5	0	1	3	2	2	3	3	3	3	1	1	6	4	2	3	2	2	3	3	1	2	1	2	1	3	2	4	2	3	1	2	0	5	4	6	4	0	3	1	0	1	5	2	4	0	4	1	1
Aeromonas	G	119	114	122	99	115	96	116	110	104	107	115	122	110	96	125	112	123	85	131	104	92	98	116	106	115	91	122	119	106	103	90	119	104	110	111	113	112	109	96	119	115	116	121	98	121	109	122	122	98	100	112	129	122	108	106	106	107	93	102	116	107	139	123	104	115	103	101	89	120	104	123	104	121	128	96	98	120	107	116	98	112	124	112	122	114	88	110	119	128	115	115	117	113	116	113	96	117	103	112	101
Tolumonas	G	99	101	95	98	86	114	113	85	96	80	106	92	92	87	121	98	107	97	108	99	92	78	91	98	103	101	97	105	105	101	88	96	93	111	100	94	102	109	92	99	94	87	96	94	112	96	101	95	106	102	99	101	90	95	97	109	108	108	103	109	104	102	100	90	100	101	82	112	106	91	84	102	101	121	97	91	96	91	103	104	95	118	91	94	118	80	87	82	94	108	113	104	85	100	117	88	91	91	82	93
Steroidobacteraceae (uncultured)	G	29	28	26	34	21	27	29	18	25	30	36	26	18	18	25	33	21	27	17	30	21	31	23	25	25	26	25	25	36	27	24	22	31	25	30	26	27	29	27	23	23	25	22	32	26	14	26	28	24	23	20	32	26	28	21	32	28	23	25	27	19	29	26	23	20	26	27	33	32	23	21	23	27	19	28	22	27	23	32	22	27	25	23	23	27	28	29	22	25	13	33	22	27	31	18	21	23	31	29	21
Unknown&nbsp;Family (uncultured)	G	8	10	8	11	9	8	7	14	8	5	9	12	7	11	11	10	11	8	9	12	9	7	11	10	13	12	7	14	9	8	4	9	17	5	11	8	11	11	12	14	6	8	12	15	9	16	9	6	9	12	11	12	14	8	6	7	8	6	6	15	11	8	11	11	10	5	8	6	12	8	12	7	7	7	9	10	8	9	9	8	13	6	11	11	8	12	3	10	11	15	5	9	9	9	7	10	11	13	11	12
Acidibacter	G	2	4	2	2	3	0	4	2	2	6	4	4	3	2	5	3	4	2	5	3	1	3	2	3	2	2	2	0	5	4	7	7	1	2	1	6	3	3	4	4	1	4	4	2	3	5	2	4	3	1	3	2	5	4	2	4	5	5	3	3	5	3	5	0	3	2	2	4	3	2	3	2	2	4	5	6	6	3	3	0	0	3	3	1	3	0	4	4	5	4	1	1	3	6	4	2	4	2	4	2
Legionella	G	12	11	9	17	16	13	7	10	17	10	15	23	10	23	15	10	10	12	13	15	16	19	11	12	16	9	14	13	12	10	16	13	15	14	8	11	12	15	9	12	12	15	17	11	12	15	12	16	10	14	12	10	10	12	10	13	22	14	11	20	14	13	20	17	12	10	10	16	6	19	15	14	14	12	7	12	11	14	13	13	18	15	12	15	8	13	11	10	11	12	8	11	7	12	15	8	12	15	10	17
Pseudohongiella	G	4	4	4	8	8	2	6	2	3	3	7	4	5	11	6	5	3	7	3	5	8	7	7	6	5	7	7	5	5	3	6	4	8	6	6	7	4	5	4	7	5	6	6	6	4	2	6	2	3	6	4	3	6	5	11	6	9	3	7	6	6	8	1	5	3	6	4	8	6	7	6	5	7	7	6	6	5	1	6	3	7	7	9	4	9	4	4	6	2	10	1	6	4	6	7	9	4	8	5	2
BD1-7 clade	G	4	2	10	5	7	8	7	5	11	7	10	7	8	10	7	8	4	8	5	5	9	15	6	5	11	4	9	10	8	8	8	2	7	7	12	4	6	6	7	6	7	4	11	9	9	5	5	4	12	7	6	10	6	9	7	8	7	7	13	6	9	4	7	9	9	6	8	6	11	6	9	10	12	5	6	8	11	5	9	12	6	4	8	7	7	11	6	10	6	5	4	10	7	10	6	12	9	5	6	10
Coxiella	G	5	2	3	4	3	3	0	5	3	3	2	2	1	3	2	5	1	2	4	3	4	2	6	2	3	3	0	2	0	3	2	3	6	1	4	1	1	4	3	2	2	3	7	3	5	0	3	1	1	5	2	4	0	0	3	3	3	2	1	1	3	3	5	5	3	1	3	2	2	4	1	0	4	2	2	1	2	3	4	3	4	1	3	3	3	3	2	2	1	3	3	3	0	3	2	3	2	2	3	1
Thiothrix	G	9	9	10	10	6	10	10	11	8	9	10	10	3	10	5	9	9	7	8	5	11	12	7	6	8	10	10	9	11	11	9	8	6	8	6	5	8	11	5	10	9	9	3	8	5	9	9	5	12	5	6	5	8	11	6	5	12	5	7	4	11	7	10	6	4	9	9	8	8	10	3	6	7	12	7	4	10	11	10	9	8	7	9	6	10	8	9	6	5	5	8	5	3	2	8	6	3	4	7	10
Sulfurifustis	G	5	2	6	8	4	7	2	5	4	8	7	4	6	7	8	9	7	5	2	5	6	5	3	4	4	4	7	3	4	2	12	2	6	3	2	6	4	5	4	9	4	7	3	3	3	5	5	3	1	7	9	7	0	6	3	4	4	4	6	3	5	2	9	5	8	5	11	9	3	6	3	5	2	4	5	6	4	2	5	4	6	3	5	1	4	2	7	3	6	6	4	6	4	7	9	8	5	6	2	5
Tabrizicola	G	613	592	677	634	642	614	651	637	618	621	649	642	633	689	645	669	649	637	638	667	620	589	624	602	671	661	618	643	605	653	621	676	647	597	645	613	605	680	636	650	618	641	616	634	613	619	608	599	619	649	622	661	632	643	632	587	594	645	641	634	593	589	643	640	616	628	583	606	635	640	625	589	612	668	599	675	650	610	564	654	635	650	621	608	655	666	612	614	636	648	661	617	657	632	658	627	647	643	642	609
Rhodobacter	G	393	388	391	381	372	370	382	358	369	352	400	376	394	398	375	377	376	386	391	398	393	390	375	362	389	351	379	357	372	360	394	337	391	386	378	358	376	350	343	376	375	354	360	375	378	396	391	352	362	355	362	399	366	337	373	396	400	368	372	395	371	358	395	363	384	401	381	376	385	344	417	391	363	356	380	382	392	408	352	370	380	365	394	384	403	387	370	366	407	380	373	391	369	407	393	386	380	404	367	414
Rhodobacteraceae (uncultured)	G	213	221	211	221	208	252	230	232	232	211	233	222	257	246	230	233	235	210	247	237	216	224	233	216	228	204	233	228	213	233	232	214	208	251	233	235	216	233	211	231	236	232	211	234	212	255	212	234	234	211	227	248	215	228	222	229	245	212	245	221	237	217	241	207	234	218	238	242	221	239	233	236	200	238	207	253	223	250	221	231	229	210	236	273	227	226	229	216	239	223	233	241	258	238	238	237	245	222	234	221
Paracoccus	G	190	209	204	214	202	215	236	202	194	212	203	195	211	196	207	183	218	197	215	168	198	177	209	222	198	229	205	229	225	190	213	230	191	189	214	210	195	204	211	219	183	200	216	193	178	174	233	213	201	189	192	209	211	206	229	205	209	208	214	201	193	233	175	191	213	216	213	207	191	223	187	205	206	221	213	183	218	194	208	204	194	215	203	191	184	176	206	201	198	188	198	204	190	198	216	206	212	191	190	203
Pseudorhodobacter	G	105	126	115	97	109	104	104	113	111	116	136	112	98	115	119	115	117	121	104	95	123	118	96	126	108	127	114	116	114	118	106	145	128	102	138	116	116	134	114	109	118	100	114	103	108	102	99	112	132	134	116	104	138	120	109	129	117	109	113	118	93	110	126	107	125	110	116	111	111	127	121	116	138	107	140	98	103	118	120	106	129	121	110	102	118	110	125	114	112	93	120	99	130	119	114	110	117	108	115	135
Haematobacter	G	122	98	88	85	71	92	92	83	94	79	91	83	92	108	80	87	88	79	96	95	87	104	101	100	77	92	74	95	96	85	86	93	77	95	92	71	79	91	69	75	84	79	107	87	95	113	83	94	89	80	82	96	81	92	81	75	83	80	71	90	79	107	91	79	97	78	89	84	84	98	81	76	79	96	95	81	92	93	95	88	98	87	76	71	75	89	86	96	91	94	88	80	76	94	87	86	87	85	87	92
Cereibacter	G	89	68	73	69	69	67	91	64	80	80	82	67	77	79	79	61	86	81	77	86	78	73	71	76	76	79	71	80	76	80	74	101	86	74	73	62	71	80	76	65	62	75	80	70	70	75	85	80	86	61	87	70	79	76	76	95	83	78	82	80	71	69	74	82	79	78	78	82	82	98	84	69	76	80	74	66	90	69	69	64	83	62	63	86	76	83	69	103	65	76	72	65	84	81	64	74	64	68	85	76
Planktomarina	G	47	46	37	42	39	51	40	43	38	49	41	57	50	37	40	39	36	46	41	38	34	33	34	50	38	41	42	45	47	51	45	42	30	59	42	60	41	41	47	31	65	50	41	49	38	37	39	49	41	31	48	43	36	38	40	45	25	46	35	48	34	48	50	43	39	49	43	37	36	32	35	50	39	35	38	29	59	47	39	50	37	44	46	37	44	52	44	53	38	48	46	47	42	38	38	35	35	48	41	50
Roseovarius	G	32	37	35	26	45	40	37	31	44	31	34	25	24	39	33	35	30	33	21	42	30	28	31	31	34	30	24	22	32	30	31	39	36	32	51	25	29	23	29	27	27	29	37	35	36	38	28	38	34	29	26	41	30	34	35	33	31	36	25	36	27	41	38	31	25	39	29	47	30	23	37	28	23	31	22	25	34	17	35	29	31	41	32	35	36	38	34	41	18	31	46	27	22	32	40	27	29	27	31	37
Halocynthiibacter	G	35	34	24	24	36	43	29	36	25	38	22	34	30	27	39	31	31	24	37	28	32	33	42	41	35	26	35	36	29	30	27	20	32	35	24	35	35	45	37	32	30	38	28	24	34	37	32	30	28	30	32	36	42	49	30	33	26	33	35	34	32	28	27	29	32	34	30	27	36	36	29	38	31	31	27	47	28	37	36	36	45	34	25	33	32	28	31	33	30	39	29	36	30	28	44	34	34	31	39	32
Sulfitobacter	G	30	32	23	41	18	36	37	37	32	40	50	37	38	31	24	22	27	35	33	33	30	27	25	24	34	27	36	30	36	29	43	28	25	40	25	34	34	40	35	37	28	32	26	38	23	28	16	37	42	21	39	28	45	30	26	34	34	30	35	32	39	25	33	39	31	30	36	33	34	25	26	34	33	41	38	43	41	37	26	29	30	40	32	27	39	37	30	37	28	37	34	32	35	31	34	25	32	27	29	34
Amaricoccus	G	7	9	9	9	11	9	7	5	7	7	6	7	5	11	5	10	13	12	6	8	1	11	10	11	11	9	6	6	10	13	9	14	12	9	3	11	13	8	9	9	5	11	6	8	14	17	9	18	9	9	6	12	4	11	9	13	5	8	8	11	8	11	11	9	3	8	14	6	5	10	6	5	10	8	11	10	14	9	9	11	14	5	9	5	14	10	3	8	5	4	11	4	16	11	6	10	7	4	8	11
Falsirhodobacter	G	18	28	29	30	21	24	28	29	30	26	27	28	28	32	29	27	23	26	27	21	35	22	23	25	30	25	36	27	27	27	17	24	36	34	24	38	29	30	38	33	27	25	25	29	29	30	26	25	30	30	31	32	33	29	34	27	29	23	39	25	19	31	23	26	20	40	30	18	28	29	29	36	33	30	45	37	25	28	26	24	24	21	27	27	31	32	43	19	27	31	19	23	33	30	32	36	26	19	22	25
Pseudoruegeria	G	10	15	10	15	4	15	6	12	13	12	10	10	13	11	22	15	9	11	8	14	12	12	11	12	9	16	16	14	14	13	7	12	19	17	11	15	8	10	9	14	17	19	10	11	6	6	11	11	12	13	13	17	14	15	9	13	17	6	12	10	13	12	15	9	10	15	17	10	12	13	7	10	8	13	14	14	8	7	13	15	9	17	10	19	7	14	7	20	19	8	13	13	7	8	19	5	14	16	12	14
Oceanibulbus	G	8	16	22	7	12	11	12	19	15	17	11	9	16	15	11	13	17	26	20	12	14	11	12	14	12	16	17	7	15	7	19	10	22	15	13	12	11	19	14	15	17	24	18	17	8	19	18	17	18	8	14	19	13	11	18	16	20	13	17	17	11	13	15	15	17	15	11	14	14	22	9	23	14	16	17	12	13	12	15	10	17	13	17	18	22	15	12	10	13	15	16	17	15	13	13	19	14	9	13	9
Ruegeria	G	18	18	20	27	20	16	29	15	19	25	17	27	20	32	25	14	24	15	29	17	15	14	15	21	26	17	22	21	35	21	26	24	19	12	29	27	18	17	21	20	20	26	25	19	18	21	14	19	20	15	20	25	19	12	20	19	13	21	19	34	13	27	26	23	27	22	33	30	19	12	26	23	26	24	29	21	19	17	32	21	13	25	23	32	23	25	18	20	20	16	24	24	16	14	25	20	19	18	26	11
Defluviimonas	G	23	16	17	21	13	15	17	19	13	16	18	20	16	21	24	15	22	14	15	27	18	22	17	9	15	15	22	16	19	15	21	19	21	25	16	22	23	13	23	20	18	14	16	19	9	15	21	17	22	23	16	19	14	16	14	20	17	24	24	26	12	15	21	16	15	19	23	17	24	22	16	16	29	23	27	18	24	27	22	19	17	23	26	14	24	14	22	16	18	16	24	26	16	21	21	27	16	20	20	18
Roseobacter clade NAC11-7 lineage	G	11	12	19	10	24	12	14	8	13	13	16	19	15	15	17	14	14	14	15	14	26	12	22	18	19	14	16	17	14	15	14	26	17	12	14	18	17	22	17	10	17	19	16	11	8	14	18	15	15	15	13	23	18	17	19	12	12	14	19	17	14	22	13	18	25	17	11	15	18	22	14	19	11	21	18	17	15	16	10	17	12	15	14	8	21	12	16	13	17	19	10	21	20	19	13	12	19	15	15	14
Gemmobacter	G	14	14	23	19	10	16	16	16	13	15	25	22	14	14	18	13	19	14	16	15	24	25	10	17	19	15	16	20	12	22	21	19	18	21	15	18	15	20	24	16	23	14	12	17	29	16	21	18	17	14	21	20	16	22	14	19	17	19	13	17	21	17	15	12	20	19	18	20	21	14	19	16	18	11	23	16	20	17	23	16	22	17	19	20	15	28	16	11	31	18	20	17	20	16	18	22	10	36	16	25
Rhodovulum	G	16	17	21	14	13	13	18	15	12	21	18	9	23	22	18	19	14	13	15	18	16	7	4	18	27	15	14	19	20	18	17	12	14	15	17	16	15	16	16	14	14	15	19	18	16	9	20	19	25	17	19	13	20	10	13	14	17	16	17	13	18	30	21	19	11	17	15	16	17	14	18	17	17	11	15	22	12	18	20	12	10	16	23	16	10	13	25	23	9	22	15	15	18	18	14	20	22	10	20	21
Actibacterium	G	16	10	12	12	5	10	14	11	8	10	5	3	14	10	9	14	13	10	12	14	10	7	12	7	8	6	13	2	7	8	8	9	10	12	9	11	17	12	5	9	12	15	8	9	9	14	9	8	9	14	5	17	13	8	15	9	11	8	6	15	9	8	10	10	10	7	9	13	13	9	10	5	11	5	11	13	9	9	15	12	5	7	10	7	8	10	9	5	6	10	9	8	8	12	7	11	12	12	9	11
Roseinatronobacter	G	14	13	12	13	16	13	18	17	19	17	12	22	16	13	13	20	14	15	10	19	14	17	16	8	9	9	12	16	12	18	13	9	8	15	13	15	15	17	22	17	17	18	15	16	15	17	15	16	14	10	13	15	12	20	10	13	13	10	17	13	15	16	13	14	12	10	14	19	9	12	15	21	15	10	18	14	16	20	17	21	7	9	14	21	13	14	13	14	26	11	19	13	6	15	13	11	14	16	8	18
Shimia	G	13	9	5	6	12	11	8	7	12	8	6	8	20	12	14	7	4	15	15	9	12	11	10	10	7	15	11	7	8	13	22	4	4	10	5	10	10	6	5	13	3	12	13	7	11	7	8	9	9	12	8	13	10	11	17	4	10	5	3	20	9	10	8	13	8	6	9	3	12	10	8	7	14	9	9	9	9	7	7	8	8	8	6	9	11	10	5	12	8	8	11	13	8	9	4	8	8	15	6	9
Roseobacter clade CHAB-I-5 lineage	G	6	9	9	8	7	5	11	8	9	6	6	12	9	9	10	12	10	19	14	8	14	3	9	8	7	12	9	9	14	8	10	7	6	11	4	7	9	4	8	13	11	6	7	9	5	13	12	10	6	14	10	12	10	12	10	11	10	13	5	12	9	12	15	9	5	14	4	18	8	12	9	11	6	12	9	11	5	5	13	6	10	7	10	12	11	14	5	8	6	15	10	10	7	7	9	7	16	9	8	11
Loktanella	G	7	8	13	6	2	13	15	15	11	8	9	8	9	10	10	7	10	9	13	8	10	11	4	7	5	10	7	7	6	9	6	9	7	12	15	10	10	4	14	5	15	8	4	6	11	6	8	6	10	10	8	6	10	5	6	14	6	12	6	11	8	11	8	12	8	7	8	7	8	7	8	8	6	10	13	2	6	8	19	8	11	6	9	11	7	11	7	9	10	8	10	10	14	19	13	6	8	11	4	7
Leisingera	G	2	1	0	1	1	3	2	0	2	1	2	1	1	1	0	1	0	2	4	1	1	0	4	1	0	0	1	1	2	3	2	6	2	2	3	2	0	1	0	4	4	2	4	5	2	1	4	1	3	3	4	2	3	3	2	2	2	4	6	2	3	0	1	2	1	3	3	0	5	2	2	0	4	0	3	4	4	2	2	4	3	1	2	0	1	3	1	3	2	0	2	2	2	2	3	2	3	2	2	3
Roseivivax	G	13	12	15	9	7	13	9	9	13	15	15	8	12	11	8	9	11	12	12	8	15	12	16	17	12	9	16	9	12	20	9	13	12	8	6	17	16	11	6	17	12	17	22	13	11	14	7	15	10	15	11	17	11	13	9	11	8	13	18	13	14	11	11	20	11	4	4	9	9	10	11	11	12	7	15	13	21	7	11	5	8	10	10	10	9	7	19	14	11	15	4	7	8	13	8	8	15	11	12	17
Tropicibacter	G	6	4	9	6	4	7	5	2	4	7	3	2	3	2	1	0	4	5	7	4	1	5	6	6	4	6	4	7	4	5	5	4	1	7	6	3	5	5	7	7	3	4	6	6	4	4	5	7	5	6	3	5	3	6	3	7	8	3	3	5	6	3	5	5	5	2	3	3	6	2	2	1	6	3	7	2	4	4	3	7	7	6	2	2	1	3	9	2	7	5	3	4	4	7	8	6	5	5	3	5
Halodurantibacterium	G	11	10	13	10	10	14	3	10	6	6	12	11	4	11	12	14	9	7	11	7	6	11	9	11	6	5	10	13	9	10	10	11	9	8	3	6	11	8	10	9	4	6	3	4	8	6	8	5	13	13	11	7	11	13	10	10	9	12	16	13	4	8	13	11	12	4	9	3	5	9	7	11	9	6	16	9	10	9	13	7	6	10	9	16	8	11	8	5	12	10	4	4	4	6	6	7	10	12	8	11
Amylibacter	G	4	5	4	1	2	2	5	0	5	1	2	5	0	3	2	2	4	4	6	2	1	6	3	4	2	3	3	0	3	2	4	1	1	5	7	3	3	3	1	0	4	2	4	2	2	3	3	3	6	0	3	3	3	4	3	5	3	2	4	1	6	2	2	7	2	5	4	2	6	2	3	2	2	1	4	0	5	4	4	7	5	2	4	1	3	6	5	4	5	3	2	1	3	2	1	4	4	3	2	3
Ascidiaceihabitans	G	0	3	2	2	1	1	1	2	4	0	6	1	5	2	5	2	1	1	3	2	1	2	2	0	5	3	0	3	0	4	2	1	1	0	1	3	4	2	1	4	0	4	0	3	2	1	1	4	3	2	2	1	1	2	6	1	1	6	3	3	5	5	2	2	3	3	2	2	3	3	3	1	4	3	2	0	4	2	3	5	4	4	6	2	1	5	1	4	2	2	1	0	1	2	5	2	3	0	4	3
Celeribacter	G	3	1	1	3	1	2	5	2	1	3	4	2	3	0	1	1	2	1	4	3	1	2	1	2	0	0	1	2	3	3	3	3	3	1	4	0	6	1	1	2	0	7	2	0	4	1	0	3	0	3	2	5	1	4	2	2	6	2	3	2	2	4	0	2	5	1	3	3	2	5	2	3	1	1	1	0	2	3	3	2	3	4	4	1	2	3	3	5	2	0	4	0	0	2	1	1	1	0	6	3
Tateyamaria	G	2	0	3	1	3	1	3	1	3	0	2	5	2	4	0	3	1	1	3	4	3	0	0	0	2	1	2	4	5	1	1	2	3	1	3	2	3	2	1	0	2	1	2	2	1	1	2	0	4	2	3	2	4	3	3	4	5	1	4	1	2	4	4	1	2	0	5	2	4	3	4	0	1	1	1	2	2	3	4	2	4	1	2	3	1	2	1	1	1	2	3	3	3	3	3	3	0	4	3	3
Tropicimonas	G	3	1	5	3	1	5	1	3	3	3	3	0	5	2	1	5	1	1	0	0	4	3	1	3	2	2	4	4	0	2	0	2	1	3	1	2	0	3	0	1	2	7	2	1	1	6	4	1	5	2	3	1	2	0	2	2	5	2	0	0	3	2	1	2	3	0	1	2	3	0	3	2	0	1	2	4	3	1	1	1	1	3	2	3	1	2	4	2	2	2	2	2	2	2	4	1	1	3	4	3
Ketogulonicigenium	G	4	2	1	1	5	3	3	2	2	5	4	6	1	2	5	2	5	2	4	0	1	2	3	1	1	1	3	4	1	0	1	1	2	4	5	1	3	1	2	2	1	3	1	2	4	2	1	4	2	5	7	3	5	5	3	3	4	3	4	4	4	3	3	2	4	2	1	1	3	3	3	1	1	3	2	1	4	3	2	5	5	4	4	1	3	2	2	1	1	3	0	2	2	2	4	1	6	4	7	2
Sedimentitalea	G	1	3	1	3	2	3	3	2	3	3	0	4	2	0	5	3	3	1	3	4	2	1	4	5	1	1	3	1	3	3	2	3	1	3	4	6	1	1	1	2	1	3	1	3	2	2	3	2	1	3	1	3	2	5	2	2	1	3	1	2	3	7	3	3	2	2	0	2	5	7	2	4	3	1	3	4	4	2	4	2	0	4	2	1	2	2	1	4	4	3	2	3	2	3	2	3	2	3	2	4
Thalassococcus	G	4	1	2	1	3	1	5	2	3	2	1	8	4	3	6	2	3	0	1	2	5	1	1	1	1	1	0	4	2	3	3	3	2	2	1	1	1	2	5	2	6	1	3	5	2	0	3	2	4	2	2	3	1	1	1	1	4	3	4	3	2	1	3	1	5	2	3	5	2	0	1	1	2	1	4	3	1	3	3	3	0	2	2	2	2	3	2	0	2	1	2	4	2	5	1	1	2	1	1	0
Roseibacterium	G	4	2	1	3	3	8	2	2	4	5	1	4	5	3	2	0	2	1	2	0	3	3	5	5	4	1	2	2	2	4	4	1	3	6	3	7	5	7	2	7	4	4	2	4	2	3	2	4	4	3	4	3	0	5	3	0	1	4	4	4	2	4	2	4	4	2	4	2	2	1	3	1	1	3	4	4	1	2	5	1	6	4	7	4	1	2	7	3	2	4	1	2	4	3	4	4	3	0	1	3
Rubellimicrobium	G	3	7	5	5	7	6	2	9	5	4	5	9	6	7	7	4	4	2	9	2	6	1	6	5	6	3	4	7	4	0	5	2	4	4	5	5	6	6	4	5	5	6	9	5	1	6	3	4	4	6	3	3	5	8	4	7	8	8	11	5	3	5	6	6	4	5	2	4	4	6	4	4	8	4	3	3	4	1	1	3	5	4	7	6	2	8	8	8	1	6	7	5	4	3	5	4	2	6	3	7
Thioclava	G	6	11	11	9	6	11	8	4	7	11	11	5	10	6	13	6	9	7	4	14	9	8	5	9	6	12	9	10	4	4	10	4	7	12	6	8	9	9	6	13	8	8	6	9	8	7	9	5	9	10	5	7	8	7	11	6	3	4	9	4	9	6	8	5	10	7	4	12	9	10	13	3	6	4	10	9	7	7	9	8	11	9	3	12	11	4	14	3	10	9	8	6	10	12	10	8	8	9	6	6
Aliiroseovarius	G	3	3	2	7	4	3	3	5	7	4	2	3	3	2	2	1	5	3	4	1	3	3	2	2	2	2	4	2	1	3	4	0	3	3	4	5	3	2	3	2	5	5	4	4	3	3	0	2	2	4	3	3	1	2	2	2	3	3	4	3	3	6	3	3	2	1	1	4	4	3	2	5	6	2	4	2	4	3	9	2	1	1	1	4	4	2	2	3	5	3	3	0	5	4	5	4	4	2	2	2
Pelagicola	G	0	1	2	4	4	2	2	6	1	1	2	2	0	0	2	1	3	4	2	1	2	2	4	1	2	4	3	2	3	2	0	3	1	2	2	0	6	2	2	4	1	1	2	1	1	1	2	4	0	5	2	1	4	5	4	1	1	4	3	3	0	5	0	4	2	1	1	1	2	2	4	3	3	2	4	0	2	0	7	1	3	2	1	1	2	3	2	2	3	2	2	4	3	2	1	5	2	4	2	1
Vadicella	G	0	0	1	2	1	2	2	0	1	0	1	0	2	3	3	1	2	3	3	2	4	2	1	2	2	3	1	2	0	1	4	2	4	1	0	5	2	2	0	1	2	0	1	1	3	4	2	3	2	1	3	2	0	3	2	2	2	3	0	3	3	2	1	1	3	2	5	2	2	2	2	0	0	2	3	1	3	2	1	2	4	4	1	1	2	3	1	3	3	2	4	4	3	3	2	0	6	2	3	2
Pseudophaeobacter	G	2	0	4	4	3	0	2	3	5	1	0	0	3	5	4	1	2	2	0	2	8	1	0	1	2	4	2	2	0	0	4	1	3	2	3	3	3	1	2	1	1	0	1	4	3	1	3	2	1	3	1	4	1	1	3	2	1	1	0	5	4	1	0	4	2	2	0	4	3	2	3	1	2	6	1	1	3	1	1	1	2	2	3	5	0	2	3	2	3	1	1	0	2	0	3	0	1	2	3	4
Novosphingobium	G	260	281	282	265	268	245	287	251	284	271	286	278	297	295	259	295	288	285	273	272	293	284	305	272	290	280	277	264	269	247	270	285	290	269	241	250	256	284	276	264	269	252	309	269	262	303	271	269	263	282	266	275	270	262	298	293	283	278	255	255	290	263	306	277	294	272	299	261	265	270	289	285	271	289	284	263	269	267	298	266	261	289	289	248	304	284	298	294	280	257	267	292	308	292	273	272	264	262	288	281
Sphingomonas	G	203	166	177	183	195	180	185	178	169	175	189	160	168	185	179	175	160	176	170	187	177	177	183	177	181	177	175	184	196	177	194	172	156	171	170	181	187	164	190	193	156	199	187	183	190	161	164	184	185	181	177	161	192	179	180	162	173	189	153	188	214	174	163	180	202	207	180	190	163	155	190	180	156	176	162	178	180	177	185	190	192	168	195	193	172	171	188	183	173	183	175	164	166	170	170	185	193	206	163	167
Sphingobium	G	72	67	69	50	83	46	56	59	57	62	61	54	54	56	59	46	68	58	61	53	69	64	76	58	57	58	58	46	47	57	62	76	59	64	65	60	70	67	63	53	65	55	54	59	63	62	66	53	59	50	59	74	51	49	62	64	52	52	79	68	59	46	63	50	64	64	58	62	76	64	56	61	63	53	60	62	87	58	62	62	52	44	64	81	71	68	65	64	49	49	65	48	59	61	57	62	68	63	64	64
Sphingomonadaceae (uncultured)	G	64	53	37	39	54	38	36	53	59	50	51	59	64	45	70	60	55	64	66	72	63	49	48	53	56	46	51	45	49	45	43	51	47	59	40	51	56	51	57	44	56	50	40	38	50	43	54	44	54	39	53	53	53	48	61	52	54	54	60	42	62	49	48	59	42	61	62	71	38	53	45	62	42	51	51	58	39	57	39	48	44	43	48	55	51	66	52	53	54	49	35	57	47	39	37	53	42	53	36	49
Sphingorhabdus	G	61	60	48	84	63	63	74	73	65	73	52	65	54	58	61	74	59	72	83	59	53	58	64	68	56	55	56	74	55	75	80	59	59	56	68	61	50	68	65	57	61	51	58	56	77	60	65	48	68	68	58	67	78	57	50	67	82	53	62	62	59	66	60	60	55	61	58	55	62	75	68	62	58	82	70	71	68	60	74	61	65	61	61	68	59	77	65	54	74	60	67	69	67	68	74	76	78	65	60	81
Sphingopyxis	G	47	69	61	54	57	60	66	51	46	50	52	56	45	50	58	52	47	49	46	50	42	60	42	64	48	51	51	62	56	44	51	58	54	56	51	68	59	49	58	55	49	56	59	47	50	49	62	61	51	52	60	57	56	45	41	55	55	50	55	53	66	47	59	44	37	54	48	60	35	56	53	55	52	66	54	57	44	65	46	59	76	52	51	53	60	55	54	67	57	63	53	53	49	65	42	50	53	59	49	46
Altererythrobacter	G	36	28	26	31	38	39	40	38	36	33	26	32	32	31	38	36	37	38	33	34	20	30	31	36	35	36	27	32	37	32	33	29	37	29	28	29	35	37	43	30	26	34	42	42	37	33	46	34	29	40	35	45	40	41	33	39	32	34	34	28	23	37	36	28	39	38	37	41	38	30	28	35	32	34	34	28	35	27	33	39	35	37	30	38	35	36	22	34	19	37	34	36	46	40	33	24	32	35	35	30
Erythrobacter	G	11	13	12	28	16	12	18	17	16	12	15	15	14	15	17	23	15	17	15	19	19	18	16	16	20	18	14	19	13	13	11	21	16	23	9	16	10	19	12	18	15	9	20	12	19	6	17	22	11	12	14	23	17	23	16	12	26	19	23	14	10	16	17	13	16	16	20	22	21	20	10	13	17	11	23	19	12	24	16	16	13	12	17	9	20	15	20	11	20	23	22	20	7	20	15	12	20	13	14	12
Rhizorhapis	G	2	2	1	3	1	5	0	3	0	4	1	1	0	2	2	6	4	2	0	5	4	2	5	7	4	2	1	1	1	2	1	1	0	1	1	4	4	4	1	1	3	4	4	0	2	1	4	4	4	2	2	2	2	3	2	3	5	3	5	1	3	2	3	3	4	2	3	2	3	3	2	4	3	4	2	2	3	5	3	2	2	1	5	2	3	1	2	1	2	1	3	2	3	3	5	2	2	3	2	6
Porphyrobacter	G	2	1	5	2	4	2	1	3	2	2	4	3	2	3	7	2	5	5	1	1	2	2	6	3	6	4	2	5	4	6	2	3	2	3	2	5	7	3	5	5	5	1	2	5	8	5	4	8	4	4	3	1	3	4	6	4	4	3	1	4	3	4	5	4	4	2	6	1	4	5	5	4	2	7	6	1	4	7	4	3	0	1	4	5	1	4	2	4	6	8	5	3	1	3	1	4	4	5	2	4
Rhizobiales&nbsp;Incertae&nbsp;Sedis (uncultured)	G	36	41	41	40	39	40	49	38	36	35	41	44	50	30	47	32	36	59	31	34	40	47	44	46	34	41	35	31	37	40	36	48	42	37	34	38	42	25	36	41	45	31	42	46	46	40	40	40	30	45	32	35	41	57	34	30	40	38	38	45	38	38	31	35	52	45	43	45	46	37	34	45	50	38	36	46	39	43	35	35	37	39	35	41	44	40	33	36	36	38	32	31	37	55	35	31	38	48	33	52
Nordella	G	7	6	5	3	6	1	4	6	5	3	3	8	7	5	4	3	1	1	6	6	4	2	6	0	4	3	1	5	2	4	7	5	5	2	4	3	2	3	3	6	3	3	7	5	4	3	7	4	4	7	5	4	11	3	2	5	5	5	4	4	3	5	6	4	4	2	3	2	2	5	7	6	2	6	1	6	7	6	2	3	5	5	6	5	5	7	6	2	6	5	5	5	5	4	6	4	6	8	1	6
Phreatobacter	G	12	12	12	10	7	5	4	8	11	8	9	9	11	8	9	6	10	3	9	6	7	13	11	8	6	8	9	13	9	11	8	6	8	8	4	5	7	6	3	8	6	6	5	5	3	9	9	2	9	6	5	5	12	5	8	11	9	7	9	9	5	4	15	7	10	5	9	13	5	6	5	6	12	9	11	15	8	8	9	6	8	9	7	5	7	11	7	8	10	7	11	4	10	9	12	9	7	11	7	11
Bauldia	G	1	4	3	5	0	4	1	1	3	1	4	2	6	9	0	5	1	2	4	1	3	2	3	5	5	1	3	3	4	1	4	2	2	1	9	1	2	7	1	3	1	2	3	2	4	3	1	2	2	5	3	4	2	2	2	2	7	1	5	1	4	3	2	2	2	6	2	5	3	2	2	5	3	2	4	2	4	2	5	2	3	1	3	5	6	5	2	4	3	3	5	3	1	3	9	5	4	1	1	3
Allorhizobium-Neorhizobium-Pararhizobium-Rhizobium	G	50	59	51	63	59	53	75	61	61	56	57	63	55	56	58	59	59	53	64	40	68	61	55	44	58	62	64	54	49	58	52	59	55	70	52	66	60	67	57	56	64	52	64	78	65	59	51	62	60	56	65	63	72	57	42	63	65	60	56	70	59	54	44	58	58	57	56	56	62	63	61	62	73	52	63	57	58	61	67	61	63	56	52	49	69	64	49	46	60	66	65	58	59	67	66	49	66	71	65	60
Mesorhizobium	G	9	11	11	10	10	7	11	8	14	7	14	11	6	13	13	29	7	8	7	10	9	5	15	5	9	8	11	10	10	14	15	9	16	15	15	12	15	12	5	8	8	16	7	10	12	10	5	11	11	7	12	7	9	16	18	13	8	10	17	15	8	11	11	8	9	13	6	9	9	9	10	10	13	7	15	7	11	12	12	11	10	15	16	8	13	10	11	11	9	16	13	9	14	13	7	6	8	7	11	17
Rhizobiaceae (uncultured)	G	5	2	7	5	3	5	2	2	3	11	5	9	7	9	5	11	7	2	5	5	9	6	2	2	3	5	9	2	7	6	8	8	2	5	12	5	4	6	4	7	7	5	9	5	6	8	8	8	6	4	5	4	4	6	4	6	9	3	9	14	0	5	8	4	4	5	3	4	8	7	7	2	7	6	7	8	6	7	6	11	9	6	5	3	8	4	7	4	4	6	6	4	3	4	7	8	2	3	3	6
Ochrobactrum	G	6	3	4	3	4	5	13	6	6	3	8	2	6	1	7	7	5	6	4	2	7	6	8	5	9	5	4	4	5	11	6	7	11	4	10	8	2	4	3	5	4	9	5	5	5	3	9	4	6	4	5	3	7	4	3	6	3	4	12	9	3	5	5	2	8	2	4	5	4	2	11	6	5	5	7	7	2	5	6	8	3	7	5	6	4	2	7	6	5	6	7	4	3	10	2	3	3	4	8	4
Hyphomicrobium	G	26	35	30	24	35	31	38	33	31	31	39	31	27	32	24	38	34	25	27	27	24	33	37	23	30	31	25	32	27	37	36	34	27	41	32	32	33	24	32	34	41	40	30	31	30	32	36	34	33	35	23	28	30	23	40	25	28	38	34	33	29	39	22	29	27	38	24	42	23	29	34	25	33	30	36	20	32	34	45	31	26	33	29	40	35	25	33	24	35	36	31	37	26	25	32	37	37	31	32	33
Pedomicrobium	G	16	11	8	8	14	10	14	14	5	11	10	12	17	8	6	14	11	17	13	12	16	5	8	9	5	7	7	10	4	8	6	10	9	12	8	12	11	13	10	15	8	12	11	9	8	10	8	13	12	12	14	9	15	10	7	12	17	7	6	12	7	11	15	4	10	3	14	12	8	5	12	10	10	9	10	9	7	8	11	8	4	7	15	9	11	14	8	7	9	22	10	8	12	15	7	6	10	7	5	19
Bradyrhizobium	G	7	10	5	10	6	13	7	8	9	11	10	6	17	11	15	11	6	12	13	9	10	8	8	6	5	7	11	16	12	8	4	7	7	4	4	14	7	8	9	7	10	11	16	9	18	11	10	17	7	12	11	12	10	6	17	14	4	12	16	9	7	13	14	7	4	10	10	12	9	6	9	8	9	10	5	12	12	12	5	11	10	10	8	7	9	6	12	9	8	10	8	10	9	10	10	12	11	10	15	7
Xanthobacteraceae (uncultured)	G	10	14	17	6	6	10	14	9	7	13	8	8	8	8	12	13	14	11	9	11	10	13	9	14	9	15	9	13	11	16	7	15	10	12	7	8	12	9	12	15	9	8	16	9	5	10	8	9	8	10	13	8	9	12	9	17	8	9	6	11	14	8	2	15	9	12	9	3	11	11	10	12	9	7	11	8	18	7	10	6	16	13	17	13	16	17	7	7	15	15	14	9	10	10	10	10	4	8	19	9
Devosia	G	34	36	38	44	34	31	40	38	34	32	31	22	38	32	21	42	29	30	30	28	28	36	36	43	24	30	25	33	42	32	29	36	38	25	31	28	28	43	40	28	35	33	33	34	26	36	30	32	40	27	43	23	33	27	35	37	35	38	35	33	33	24	24	31	41	35	43	28	29	26	39	28	37	30	36	28	40	33	34	24	26	39	36	31	32	38	44	34	40	28	43	26	37	28	34	41	27	18	29	19
alphaI cluster	G	5	8	6	6	5	4	8	9	5	8	5	9	4	6	6	4	5	15	9	5	7	8	6	4	8	6	7	4	3	10	11	8	4	9	6	5	0	9	4	11	6	6	8	7	8	5	7	4	11	4	6	2	5	14	4	6	5	7	5	4	7	3	11	5	5	5	4	8	5	6	12	4	10	6	8	3	3	6	5	13	3	8	4	6	10	7	10	8	7	4	2	6	10	11	8	4	3	4	2	3
Bosea	G	4	4	6	3	4	3	8	8	7	4	1	5	2	1	6	4	3	7	2	5	3	5	2	5	7	2	4	2	3	6	7	5	8	9	5	3	4	5	1	6	3	3	3	5	1	2	4	4	8	4	6	0	4	4	2	2	3	4	1	2	3	7	6	3	4	6	9	6	5	6	4	4	5	1	6	4	8	2	3	3	2	3	2	7	4	2	5	2	3	9	6	7	4	5	2	7	9	6	4	5
Beijerinckiaceae (uncultured)	G	5	3	3	3	0	3	3	1	0	5	3	2	5	4	2	1	1	2	6	3	4	1	1	4	5	2	2	4	3	0	0	5	3	1	4	2	5	2	3	3	3	6	2	4	2	3	2	2	5	3	3	4	1	5	1	5	1	3	7	4	2	4	4	4	4	3	2	3	3	1	4	5	5	4	3	3	4	2	4	1	3	3	3	3	1	2	3	5	4	3	1	3	5	2	3	4	2	4	3	1
FukuN57	G	3	3	0	2	3	3	4	2	3	5	1	3	1	4	3	2	1	6	1	2	4	4	2	5	1	2	6	4	2	3	3	0	6	5	1	4	0	4	2	1	3	5	6	3	1	2	5	3	1	1	4	2	1	1	3	3	3	0	4	3	3	2	4	2	2	5	6	1	2	3	7	3	1	3	5	2	5	3	2	1	5	4	1	3	2	2	2	2	4	0	2	2	2	3	4	2	4	1	3	6
Methylobacterium	G	3	5	3	1	5	1	2	3	2	3	1	4	6	2	4	1	3	4	1	6	6	2	8	2	1	3	2	7	1	4	9	3	7	2	3	1	4	4	5	1	7	3	1	4	2	4	3	3	5	2	1	4	5	2	5	3	4	3	3	0	2	3	5	1	2	5	1	4	4	2	3	6	1	7	2	2	5	3	7	3	5	6	3	2	3	4	2	4	1	4	2	3	4	6	5	5	10	4	7	2
Methyloligellaceae (uncultured)	G	6	8	8	7	6	9	5	10	12	10	5	5	7	11	5	11	8	10	11	12	10	7	8	8	5	4	9	11	10	5	14	8	8	11	7	10	6	10	9	11	14	13	8	11	5	11	10	11	4	6	7	8	9	8	6	2	10	12	8	8	5	13	5	5	10	3	11	11	12	6	6	6	10	8	10	10	11	7	7	6	6	7	10	5	11	6	10	9	10	6	15	9	8	8	8	5	7	14	12	10
Brevundimonas	G	11	12	16	10	11	8	15	6	11	9	10	8	14	5	14	9	15	10	12	18	12	10	14	8	9	8	16	14	13	16	12	10	5	11	6	6	17	12	12	16	7	7	12	18	9	5	11	6	9	6	17	13	16	14	15	10	16	14	7	9	10	4	10	14	10	14	9	10	9	12	10	15	11	10	12	13	7	10	10	9	14	19	6	11	16	16	14	10	12	10	6	13	9	12	13	18	6	12	12	8
Caulobacter	G	1	1	2	2	1	0	4	2	2	7	2	3	3	0	5	2	3	1	2	4	4	5	1	3	2	4	1	6	1	1	0	5	2	6	0	4	0	2	2	3	1	1	2	2	4	3	2	3	1	5	0	3	3	0	0	3	1	2	2	5	3	3	0	0	2	2	5	1	3	8	1	1	3	0	5	2	2	4	5	3	4	4	4	2	2	3	1	2	4	5	2	2	2	1	1	1	4	2	1	3
UKL13-1	G	2	0	1	1	2	0	2	0	1	4	1	2	2	5	4	2	3	1	1	2	2	5	2	1	2	3	4	3	2	3	3	6	4	3	2	2	7	3	1	3	2	1	1	2	1	2	5	1	1	0	0	3	1	0	1	4	1	2	1	5	4	2	1	4	1	3	2	2	0	0	3	2	0	0	2	3	1	4	4	1	4	0	2	2	3	3	2	3	2	2	3	6	0	5	2	5	2	3	3	1
Reyranella	G	6	8	3	10	4	7	7	7	10	7	8	5	5	5	5	9	9	8	5	3	10	11	10	6	14	7	13	4	6	10	6	8	4	6	7	8	6	3	13	4	5	5	3	6	6	14	9	10	13	7	9	10	7	5	8	5	9	9	6	6	11	6	11	7	7	7	11	8	6	4	8	11	5	7	7	1	6	12	13	8	4	11	9	4	7	5	3	4	11	9	9	10	4	12	9	8	8	8	16	15
Paracaedibacteraceae (uncultured)	G	9	8	10	9	8	8	10	7	8	7	11	8	7	8	8	8	9	8	11	14	10	7	11	12	8	10	9	9	14	11	10	12	8	11	8	10	15	6	6	7	8	11	9	6	9	13	6	12	11	8	10	13	9	15	7	13	5	8	11	10	12	7	11	11	9	11	7	7	7	9	14	12	9	11	11	7	11	10	9	13	15	5	4	8	11	9	10	3	14	7	8	14	8	6	7	11	12	14	11	4
Candidatus Paracaedibacter	G	2	3	3	2	1	0	4	1	2	4	3	1	3	2	1	0	2	3	2	4	3	3	4	2	0	1	3	0	5	3	2	1	2	2	1	0	4	0	4	2	1	2	4	3	4	3	0	1	2	1	2	2	0	5	5	6	2	1	2	2	5	4	5	0	3	3	3	4	6	0	3	3	0	2	1	4	4	4	6	2	1	4	4	2	2	1	3	4	2	3	3	4	3	2	4	3	2	1	1	0
Rhodospirillaceae (uncultured)	G	3	3	1	3	2	5	3	1	1	2	4	1	2	1	4	1	0	2	0	1	2	2	1	3	5	3	3	4	2	0	2	2	2	1	1	0	4	3	1	1	1	0	2	2	5	2	3	4	0	3	4	0	0	4	1	3	0	5	1	4	3	0	0	2	4	2	2	1	4	3	3	2	1	4	3	1	2	4	0	2	4	1	2	0	3	0	1	2	2	2	3	2	2	1	5	2	2	2	0	3
Roseomonas	G	7	8	8	9	7	9	5	8	6	7	10	7	8	8	7	4	5	7	6	6	6	14	4	7	9	11	7	9	5	11	5	7	10	7	3	8	6	7	3	7	8	6	4	9	4	6	11	6	5	8	6	5	4	6	8	11	5	4	5	8	6	5	6	7	4	5	6	3	5	8	7	5	5	7	3	9	7	4	6	5	4	4	9	9	3	6	4	7	3	5	6	8	7	2	5	9	11	7	8	5
Acetobacteraceae (uncultured)	G	6	3	2	2	5	2	3	7	5	4	4	3	2	4	4	7	4	3	8	4	4	4	1	5	4	6	2	2	4	3	4	8	1	8	4	6	4	3	8	2	4	2	1	4	2	3	3	9	4	3	1	2	3	3	6	6	5	1	2	6	3	4	2	3	3	4	4	1	0	2	4	4	1	3	3	9	4	6	2	4	3	3	4	3	5	4	2	4	5	3	2	1	3	5	2	6	6	5	3	4
Niveispirillum	G	7	5	5	5	4	4	9	5	6	10	7	6	9	8	10	7	4	9	9	10	8	7	6	10	10	10	7	7	7	3	10	6	11	10	5	8	6	4	5	11	10	10	8	6	3	5	7	9	9	11	2	7	9	3	9	4	2	5	11	8	11	3	6	9	10	2	8	7	6	6	4	7	8	5	4	2	7	6	12	7	9	7	3	9	5	9	4	8	5	2	5	9	12	6	4	3	3	5	8	5
Azospirillum	G	11	3	6	5	6	4	2	6	3	2	4	10	5	5	6	0	3	11	7	3	4	5	1	5	3	4	4	7	3	7	2	4	4	6	2	4	6	4	7	7	6	7	9	7	4	1	6	2	5	5	11	7	6	7	2	3	6	7	8	4	7	2	8	8	8	3	2	5	9	11	5	7	2	6	0	5	7	2	9	2	10	8	6	4	5	7	5	9	4	3	9	3	4	5	4	8	6	6	5	3
Dongia	G	1	3	0	5	1	7	3	6	4	4	2	5	4	4	1	3	5	4	6	6	4	5	6	4	3	6	4	1	6	3	4	1	3	3	4	7	6	1	4	4	3	2	3	2	2	2	5	5	5	4	6	5	1	5	1	1	3	6	2	1	3	1	5	4	3	4	5	4	5	1	4	1	1	3	0	0	6	3	4	5	1	3	5	4	2	6	5	5	5	3	6	2	3	5	4	3	4	3	2	7
Candidatus Alysiosphaera	G	2	6	4	2	2	1	4	0	1	4	1	2	4	2	1	2	5	1	3	3	5	1	3	5	3	2	0	3	1	2	1	4	3	3	2	1	4	3	1	2	2	1	1	1	1	3	4	5	5	3	4	6	4	2	2	1	1	1	1	2	0	2	2	2	2	1	2	2	0	2	2	1	3	5	2	5	1	3	5	4	1	1	3	3	1	0	2	4	2	2	1	1	4	2	2	1	5	2	6	2
Micropepsaceae (uncultured)	G	2	4	4	5	4	4	4	3	3	3	5	2	6	2	5	2	7	4	4	1	3	3	5	5	8	6	4	6	1	5	1	2	4	12	5	3	5	6	10	3	4	4	3	2	3	2	3	6	5	0	7	2	6	3	5	4	6	0	2	1	3	6	4	4	6	5	6	1	4	5	4	4	6	4	2	4	5	5	6	9	3	2	8	1	3	3	7	3	4	5	4	5	2	3	2	3	1	8	4	5
Haliangium	G	27	25	19	22	32	32	22	22	28	27	29	25	28	24	28	22	24	27	27	19	31	41	25	28	29	24	21	23	35	21	25	36	24	24	24	31	21	25	19	26	26	25	27	27	30	21	24	39	24	28	28	20	27	30	19	14	21	31	19	19	24	33	35	15	25	28	23	28	23	20	19	27	30	30	21	27	26	22	25	23	34	29	25	25	24	37	23	26	31	24	35	25	28	23	20	23	28	25	31	26
Sandaracinaceae (uncultured)	G	4	5	1	5	6	6	3	6	3	2	3	4	3	3	3	1	1	2	6	6	6	3	4	5	6	7	6	3	5	5	5	6	1	3	3	4	11	4	4	2	5	8	4	6	3	6	3	2	4	6	7	3	4	4	3	2	3	4	4	4	3	3	2	1	7	6	0	4	2	3	3	4	2	3	5	5	2	1	2	3	4	4	2	1	5	3	4	3	4	2	3	5	5	3	4	2	7	6	6	3
OM27 clade	G	6	2	1	5	5	1	4	8	4	2	2	4	7	3	5	5	6	0	2	8	3	3	4	0	3	3	2	5	5	3	1	4	3	4	3	4	4	2	5	3	5	4	4	7	5	6	2	4	3	6	3	3	4	2	2	3	1	3	4	5	2	2	2	5	3	3	3	4	3	2	3	2	3	6	7	3	3	2	6	5	4	3	8	1	2	2	4	5	2	0	3	4	5	6	6	6	9	3	2	4
Pedobacter	G	8	3	8	12	9	6	9	9	13	8	6	4	10	4	10	11	10	1	7	11	10	2	9	11	5	13	9	4	12	9	9	9	8	5	7	12	13	2	14	9	9	6	7	5	6	13	9	8	8	6	9	9	10	10	5	8	10	6	5	12	9	2	7	11	11	7	9	16	17	8	17	12	9	6	8	12	13	4	9	6	11	13	5	5	10	7	7	14	6	5	11	12	8	11	8	7	8	9	8	7
Nubsella	G	6	4	2	1	2	6	0	3	3	1	3	4	5	3	2	1	3	2	4	3	2	1	3	2	0	1	4	1	3	2	2	4	1	4	3	3	0	3	0	1	3	2	2	2	1	2	3	1	5	4	2	6	3	6	4	6	4	3	1	2	1	1	2	2	4	2	4	2	3	7	2	1	3	5	4	0	1	3	1	5	4	1	3	3	3	4	3	7	2	1	3	0	2	3	2	4	2	4	0	1
Pseudarcicella	G	7889	7659	7767	7598	7692	7707	7684	7752	7661	7688	7654	7777	7760	7516	7791	7806	7549	7563	7740	7689	7704	7825	7710	7791	7682	7572	7718	7805	7739	7679	7640	7734	7700	7716	7749	7786	7624	7788	7702	7675	7737	7767	7625	7787	7833	7654	7644	7728	7729	7732	7789	7658	7535	7750	7756	7679	7661	7657	7669	7703	7696	7692	7644	7893	7643	7565	7673	7610	7628	7629	7636	7632	7564	7636	7778	7806	7704	7693	7785	7666	7728	7652	7832	7791	7575	7707	7585	7698	7774	7591	7702	7713	7606	7727	7713	7742	7642	7696	7622	7587
Lacihabitans	G	25	22	19	17	19	12	16	11	22	26	26	19	20	24	17	28	16	23	22	29	26	18	19	17	21	20	17	24	18	16	21	15	16	18	21	26	29	20	31	13	31	23	26	26	32	26	27	13	19	33	23	24	23	20	25	12	26	16	19	20	16	23	17	22	16	17	23	16	22	28	16	23	21	21	27	17	21	14	23	28	15	19	21	30	25	22	24	14	19	22	12	28	26	17	20	20	21	28	23	26
Runella	G	17	13	15	15	12	17	8	7	7	14	8	12	14	16	9	14	12	9	9	6	7	8	12	14	13	13	15	12	9	16	13	10	12	10	9	9	9	11	11	8	8	14	15	7	18	7	14	14	10	11	10	3	12	12	10	16	12	9	17	14	12	13	13	14	16	11	7	10	18	17	14	6	11	10	7	10	14	17	15	3	14	11	14	14	11	13	13	12	17	14	9	11	12	7	9	10	16	13	13	9
Arcicella	G	44	38	39	44	35	35	38	26	35	25	27	39	36	36	46	37	25	27	32	32	30	28	40	34	39	37	35	28	36	26	45	34	39	38	48	41	37	29	33	45	26	24	40	37	37	40	19	38	31	37	30	42	43	40	43	29	31	33	32	42	41	40	37	39	45	48	41	34	30	37	35	30	28	36	35	38	37	34	40	28	49	38	35	29	29	38	35	34	25	45	32	49	43	38	39	39	43	34	34	20
Flectobacillus	G	25	31	32	35	35	31	30	28	36	27	29	32	33	34	37	40	35	30	26	39	29	25	36	31	35	22	36	28	35	25	38	30	34	34	27	33	36	23	30	34	35	36	32	38	30	31	28	40	27	24	30	27	20	35	36	39	34	31	32	32	31	34	33	35	30	29	33	32	39	31	33	26	33	39	28	28	39	40	34	30	37	28	30	31	41	28	29	31	32	34	36	33	30	29	36	22	28	39	33	23
Spirosomaceae (uncultured)	G	6	3	5	3	8	12	7	6	7	6	7	5	7	5	4	5	4	8	7	8	8	4	7	2	5	8	4	8	2	7	4	7	4	7	4	7	6	3	8	7	7	6	2	7	7	7	7	3	7	7	4	3	7	4	8	5	3	5	3	5	6	8	2	3	3	4	2	9	4	7	1	3	9	2	8	6	2	6	13	6	5	5	7	7	4	9	2	6	6	10	7	3	6	4	4	5	7	1	5	5
Microscillaceae (uncultured)	G	21	11	16	11	15	10	9	11	7	9	8	12	12	11	16	14	13	10	16	15	6	10	13	16	10	11	15	11	15	12	17	11	10	11	14	8	13	15	21	22	14	17	13	12	8	13	13	16	15	12	12	9	15	17	17	8	8	8	13	11	13	18	15	8	14	14	10	11	16	14	13	14	23	17	11	6	15	8	14	13	10	12	5	9	4	7	16	17	6	10	9	9	9	16	9	8	12	15	16	16
Cytophaga	G	6	4	3	1	3	3	3	3	8	3	4	2	5	3	8	3	1	2	5	2	4	3	4	2	7	5	4	2	8	5	0	4	4	2	1	1	5	3	4	4	5	2	5	5	3	3	3	4	3	7	3	4	4	6	4	3	6	2	2	2	3	7	4	5	2	3	7	4	7	3	5	2	5	4	5	2	4	0	3	1	4	3	0	5	3	5	3	6	4	4	6	3	4	3	3	8	6	5	2	3
Hymenobacter	G	6	0	2	2	4	2	4	2	2	3	3	3	2	2	3	1	6	0	3	5	0	1	0	1	5	0	1	0	2	5	2	1	5	2	4	7	2	2	4	3	3	5	3	1	2	5	3	5	2	3	1	4	3	2	4	3	3	1	6	3	2	4	5	2	1	2	1	2	4	1	2	3	2	1	6	2	2	0	4	2	0	2	4	1	4	2	4	2	2	1	3	2	1	1	4	2	1	4	2	1
Flavobacterium	G	779	751	743	740	760	701	761	711	763	751	781	702	745	716	735	721	724	761	734	776	724	757	746	754	794	784	747	752	721	762	791	741	769	754	751	763	771	741	779	766	766	745	726	798	718	722	786	748	764	810	770	716	755	748	732	725	735	773	696	767	729	702	728	725	718	760	731	787	739	729	759	765	727	715	736	762	724	773	768	802	716	747	708	775	731	760	771	738	750	749	764	709	743	760	748	747	762	750	753	776
Fluviicola	G	147	145	169	174	172	163	144	147	136	143	154	153	136	153	131	164	155	155	155	137	147	151	155	162	143	161	141	156	141	133	140	149	143	149	148	147	159	142	161	157	147	163	148	142	152	138	148	156	148	145	123	147	123	147	138	175	140	152	149	151	135	142	109	142	148	155	172	158	146	160	145	159	139	168	137	160	158	148	153	134	159	141	147	156	130	164	157	154	173	177	147	156	151	151	132	132	160	136	145	130
Cryomorphaceae (uncultured)	G	8	10	18	12	11	7	17	13	16	16	15	13	7	7	10	9	8	11	4	11	16	12	9	9	11	11	7	11	18	10	9	16	10	13	16	15	5	9	7	8	13	10	13	7	12	15	16	7	7	11	18	16	12	13	17	14	15	11	10	6	10	22	8	9	6	12	8	8	12	15	12	10	7	15	13	11	14	4	13	10	7	10	10	9	11	14	14	9	11	17	15	10	9	8	14	13	8	5	12	11
Dinghuibacter	G	13	14	9	17	3	16	8	16	12	9	11	12	9	14	7	8	7	16	7	9	9	16	15	6	14	4	9	15	10	16	11	6	8	13	10	9	12	3	8	10	7	10	8	11	6	15	11	11	7	11	8	7	8	8	12	14	9	3	14	10	13	11	16	10	9	17	9	14	5	15	13	5	10	11	6	11	10	15	6	9	10	11	10	12	14	18	16	13	15	10	14	15	16	9	9	11	16	9	7	8
Sediminibacterium	G	23	23	30	18	14	33	25	29	24	26	14	32	24	24	23	28	24	31	21	17	30	32	23	25	24	26	27	27	22	21	30	28	23	28	21	24	26	20	23	21	25	24	33	20	23	27	21	18	32	27	24	30	18	14	24	25	24	32	27	26	25	31	34	19	29	23	17	26	29	13	26	20	28	29	30	24	25	23	26	20	27	27	21	21	35	19	16	24	17	26	26	20	33	27	31	22	27	31	30	18
Terrimonas	G	2	3	1	4	0	2	3	1	1	2	3	4	0	2	3	4	2	3	4	1	1	4	2	1	1	1	3	4	3	2	3	2	4	3	3	3	3	2	1	1	3	0	3	2	5	4	3	3	0	4	4	1	3	2	2	0	2	4	2	0	1	3	4	2	1	0	5	1	1	3	1	3	1	3	2	1	4	5	4	3	4	1	1	2	0	3	3	1	3	4	2	3	2	2	1	1	0	2	5	1
Chitinophagaceae (uncultured)	G	11	5	7	7	6	6	5	5	3	4	10	6	9	8	7	7	7	3	11	5	5	6	5	5	5	6	12	7	6	9	4	3	5	8	7	3	5	5	4	10	10	4	2	8	10	8	7	8	5	11	9	6	4	6	8	5	8	8	6	8	3	3	7	8	11	4	4	11	3	8	3	7	4	5	4	7	4	4	5	5	8	7	9	6	9	8	9	9	8	6	8	6	9	7	8	4	6	2	4	11
Ferruginibacter	G	3	2	2	2	4	2	0	4	5	4	1	2	3	1	1	3	4	3	2	1	3	0	1	2	3	2	0	1	2	0	2	2	5	0	4	1	2	0	1	1	0	3	3	2	2	0	3	1	2	3	0	1	0	1	4	4	3	1	3	1	2	1	3	1	1	0	1	5	0	2	4	3	3	2	2	1	1	3	2	1	0	2	2	2	5	2	3	0	2	3	3	4	1	1	1	0	1	8	2	1
Saprospiraceae (uncultured)	G	18	11	16	11	16	13	13	6	10	6	9	7	8	12	14	11	10	13	9	8	15	13	13	11	8	13	17	13	13	13	9	13	11	13	8	9	10	17	6	13	13	13	11	9	9	10	10	9	11	12	16	10	8	6	10	12	8	14	4	12	11	8	15	13	7	4	17	13	11	13	9	11	14	6	12	7	9	8	13	11	18	13	8	14	9	12	7	9	10	8	13	14	13	10	12	12	14	4	8	6
Prolixibacteraceae (uncultured)	G	2	5	4	4	5	3	4	3	3	2	3	4	1	6	5	4	5	7	4	2	3	2	3	5	5	4	3	3	5	3	4	7	2	8	1	2	3	3	2	4	3	4	2	5	2	2	3	5	3	3	3	7	3	7	3	4	8	3	5	7	3	5	5	7	2	2	1	3	4	3	6	5	7	2	1	4	4	3	5	3	0	4	3	1	3	3	5	3	4	3	1	5	3	2	2	6	4	5	3	5
Rikenellaceae (uncultured)	G	2	3	1	3	0	2	3	4	6	4	2	7	7	3	5	4	6	2	3	2	1	2	6	0	3	1	2	4	3	1	2	2	2	1	5	2	1	3	1	6	5	3	6	7	4	3	4	2	4	2	4	3	2	1	1	3	3	3	3	3	2	5	1	3	4	5	3	3	4	2	2	2	4	1	3	2	3	5	3	6	2	4	4	1	3	3	5	0	4	2	4	5	3	3	3	4	3	3	5	2
Romboutsia	G	30	27	40	25	34	28	24	33	38	37	23	42	34	29	33	28	43	25	27	17	22	30	25	26	20	26	33	22	20	29	27	28	21	22	26	24	29	18	33	27	28	21	32	29	21	33	31	28	23	23	29	25	30	30	31	35	28	29	31	32	30	31	31	30	40	19	21	22	37	34	25	20	31	37	26	26	31	32	28	30	35	34	24	20	34	30	31	32	22	22	32	23	16	23	30	32	23	27	32	32
Paraclostridium	G	1	0	1	3	4	2	1	4	6	3	2	3	3	0	1	0	1	3	1	1	1	3	3	2	2	2	3	4	2	4	3	3	4	4	3	4	1	4	1	2	1	2	3	5	1	3	5	3	3	3	2	2	6	2	1	4	2	3	1	4	1	2	3	3	3	2	3	2	3	3	2	5	3	3	3	2	6	3	3	2	3	4	0	1	1	4	2	7	0	4	4	1	0	0	3	2	1	2	2	4
Clostridioides	G	6	4	0	2	2	3	3	5	4	1	2	0	2	3	4	1	4	6	5	2	2	1	3	3	2	3	2	1	3	1	2	3	1	6	3	3	5	2	6	3	2	5	1	2	4	4	3	0	1	4	3	4	2	1	5	2	2	2	2	1	0	5	2	2	3	2	8	2	1	1	3	3	2	1	2	2	1	3	3	4	5	1	2	2	6	2	4	2	2	3	5	4	1	0	2	3	2	1	8	2
Peptostreptococcaceae (uncultured)	G	3	3	2	3	2	4	3	4	2	4	0	1	1	2	0	3	3	2	0	1	1	2	2	3	2	2	6	4	2	4	3	2	6	2	1	2	3	1	0	2	1	0	2	1	4	2	3	1	0	3	5	2	2	3	2	1	1	0	4	2	2	3	4	0	0	2	2	3	1	3	3	0	1	0	3	3	2	5	0	0	1	3	2	1	3	0	0	4	4	1	5	3	2	2	5	0	2	2	1	2
Intestinibacter	G	2	1	0	2	4	2	3	2	1	3	2	3	1	0	1	3	4	4	1	3	3	2	1	5	0	1	1	1	5	2	0	2	2	0	4	2	3	2	3	1	7	0	1	3	1	5	3	3	3	1	0	5	2	2	3	5	2	2	4	1	1	1	0	3	7	1	2	3	0	3	1	1	4	1	4	2	2	0	4	1	6	1	5	8	5	7	5	3	3	0	3	4	0	0	1	1	6	0	0	2
Clostridium sensu stricto 1	G	16	21	18	11	18	14	14	20	17	16	18	17	21	15	24	9	19	22	9	19	15	19	20	23	16	26	13	20	12	21	20	11	18	22	22	19	14	10	15	15	27	20	12	15	21	14	15	14	25	12	17	13	17	14	16	24	21	14	17	13	11	17	13	16	17	17	19	20	21	16	16	25	17	22	16	16	21	21	16	21	19	10	12	15	10	17	15	15	20	16	19	13	23	7	15	11	12	24	15	14
Roseburia	G	6	7	3	0	1	3	5	2	5	1	3	2	2	4	0	3	3	3	4	2	7	5	3	1	3	0	3	0	3	4	3	2	0	3	5	2	2	3	1	3	4	2	3	5	6	4	1	2	0	3	2	4	4	7	6	3	5	2	2	6	1	3	2	3	4	2	1	1	0	4	7	2	2	0	3	4	1	2	1	2	4	4	2	3	2	1	4	4	4	0	5	3	2	4	3	3	3	4	3	4
Lachnospiraceae (uncultured)	G	6	3	5	7	2	4	3	6	3	8	3	5	5	6	5	3	9	8	5	12	7	3	4	8	9	9	5	7	7	4	13	14	4	10	10	8	5	1	8	9	5	7	9	4	4	9	3	8	8	4	6	6	11	8	13	13	8	5	8	10	4	6	6	7	9	6	10	3	5	10	6	7	4	5	5	7	13	7	6	5	2	6	4	9	8	5	7	7	7	8	3	6	8	6	4	7	8	6	6	5
Blautia	G	5	4	6	3	4	4	0	9	2	9	4	8	4	3	3	5	5	5	7	4	6	5	4	2	3	5	4	1	3	4	5	8	6	5	3	4	5	1	6	6	2	4	5	2	4	6	4	2	6	4	4	5	3	3	4	6	5	6	4	4	4	5	4	8	6	8	7	3	2	6	5	2	4	3	4	6	5	2	5	3	2	2	5	2	1	5	6	6	4	10	4	5	4	4	2	3	1	8	2	4
Ruminococcaceae (uncultured)	G	5	3	0	2	2	4	2	4	3	2	2	3	4	4	7	3	2	1	2	4	2	6	2	1	2	5	3	1	3	7	3	7	3	2	1	5	3	4	4	1	3	3	3	4	5	6	4	3	0	2	2	1	2	4	2	5	2	6	5	2	0	9	2	3	2	3	1	5	2	3	5	5	2	3	2	3	2	5	8	1	4	2	6	2	5	6	4	0	4	3	4	3	7	2	1	6	4	2	9	2
Christensenellaceae R-7 group	G	12	6	11	9	10	7	11	15	4	4	11	11	15	10	11	8	9	18	18	12	9	8	4	10	11	13	10	12	5	9	9	15	8	7	6	4	14	16	4	11	3	10	7	9	7	10	8	12	9	8	8	7	17	7	15	13	8	9	7	12	13	8	11	13	11	9	12	9	9	14	14	9	13	7	8	7	8	7	6	4	9	8	12	13	13	5	9	6	12	11	14	11	9	5	5	10	11	7	10	11
Bacillus	G	40	30	28	35	38	29	26	35	27	45	30	29	25	22	30	36	36	41	27	35	35	29	30	31	34	28	36	34	35	28	24	31	25	23	32	36	24	21	32	34	29	30	35	31	29	30	29	33	39	31	23	27	29	32	25	38	39	22	25	28	39	22	25	20	27	29	33	37	36	30	33	26	38	25	30	37	31	38	29	23	29	36	31	28	27	25	33	38	22	25	23	28	29	37	28	29	27	32	33	30
Staphylococcus	G	8	4	3	13	3	3	5	7	4	2	7	8	9	10	6	6	3	4	5	6	7	12	4	6	6	8	4	5	6	5	6	4	5	13	9	8	5	5	7	3	9	6	7	5	5	6	7	8	7	6	8	4	8	5	7	9	4	2	3	4	6	5	4	9	4	3	7	9	6	4	4	5	6	4	4	7	3	5	9	6	6	9	8	10	7	13	6	8	2	2	9	7	2	6	5	7	7	10	10	8
Listeria	G	5	4	4	7	3	5	8	5	4	4	6	3	4	3	6	1	5	2	1	1	1	5	6	1	4	4	5	6	3	6	8	2	3	5	4	6	4	4	4	8	11	6	4	4	5	4	3	2	4	3	2	6	8	5	4	5	4	3	5	7	4	6	3	5	5	2	4	7	5	6	8	2	3	7	3	0	6	3	9	4	3	6	8	3	3	2	2	2	3	4	4	7	5	4	6	2	5	3	6	3
Paenibacillus	G	2	7	4	5	3	4	3	2	1	3	1	1	0	3	2	2	6	3	2	2	1	5	2	2	1	4	1	4	2	6	6	1	1	0	4	2	3	1	3	4	3	2	4	5	3	1	5	3	0	3	5	5	3	1	1	1	4	2	2	1	3	2	1	5	3	2	2	2	2	1	0	4	3	5	3	1	4	2	1	2	3	5	5	1	5	2	4	2	4	2	3	3	1	4	2	1	3	1	2	1
Lactobacillus	G	7	14	6	6	7	5	8	2	8	6	12	6	6	8	7	6	11	10	5	3	4	12	8	4	8	5	7	8	9	4	7	5	8	3	4	6	3	5	7	6	8	8	2	11	2	7	4	8	7	4	5	5	4	10	9	5	11	4	5	3	8	6	6	8	9	6	6	2	6	10	4	8	5	3	8	9	5	4	6	10	3	7	13	7	7	7	10	5	3	6	7	10	6	5	6	9	6	5	8	4
Enterococcus	G	3	4	2	7	1	4	2	3	4	1	4	0	2	3	2	3	5	1	1	2	4	4	2	2	2	2	1	0	1	2	3	1	4	2	3	3	5	2	4	2	3	6	3	8	1	3	5	7	4	5	2	5	2	4	1	3	4	1	3	1	2	3	3	5	2	4	5	3	2	4	2	2	7	9	4	2	2	1	3	3	3	2	5	0	8	2	2	7	4	2	3	6	4	2	3	3	2	2	1	2
Trichococcus	G	5	9	2	1	4	4	8	3	9	3	5	2	9	5	1	4	6	6	6	1	5	6	4	6	4	6	4	3	7	2	7	6	2	5	3	5	4	4	2	6	1	1	5	6	2	0	2	8	5	5	6	7	6	1	3	2	4	7	3	3	3	1	2	2	4	3	5	5	4	7	1	8	4	2	1	3	7	3	3	4	5	2	2	8	4	2	3	1	6	3	7	5	4	11	4	6	4	2	4	4
Streptococcus	G	4	6	4	3	7	2	5	4	2	4	5	3	2	3	4	6	2	5	2	2	3	3	7	1	2	3	6	3	7	8	1	5	3	2	5	6	4	3	5	10	4	3	0	4	7	3	4	4	7	7	7	6	6	5	7	4	6	3	4	4	5	2	4	3	2	3	7	2	4	5	4	3	3	3	4	1	4	1	3	2	2	7	3	6	7	2	3	4	4	5	3	4	2	0	9	4	3	5	4	3
Rhodoluna	G	412	451	432	444	451	453	414	434	426	485	429	455	388	463	411	424	440	468	416	443	434	474	472	469	439	467	434	460	482	443	440	410	480	450	475	445	454	448	452	427	461	492	482	506	437	484	430	445	477	428	491	433	442	433	441	424	449	438	463	468	489	466	481	440	444	483	475	436	451	457	426	446	488	411	420	476	432	458	400	455	415	442	462	461	466	453	440	476	452	462	449	469	465	452	481	472	438	441	487	429
Microbacterium	G	288	271	270	260	276	277	270	287	292	289	287	284	279	272	292	279	298	293	256	295	301	279	289	285	244	289	286	290	302	271	297	274	284	249	272	274	278	306	288	314	290	280	251	297	289	272	253	280	316	284	252	302	281	274	293	291	283	272	265	281	280	275	293	289	265	308	274	267	270	308	281	274	310	290	300	287	264	283	287	308	298	289	293	285	307	270	254	266	282	273	245	287	285	294	273	322	256	260	272	274
Candidatus Planktoluna	G	122	108	113	115	104	132	116	113	120	108	107	117	134	112	121	128	107	120	102	113	100	122	117	99	116	102	111	120	121	123	118	107	101	120	106	111	117	107	134	107	119	121	115	112	104	105	119	109	114	103	114	116	141	107	110	99	95	119	125	96	105	116	97	122	115	126	115	100	104	109	126	109	115	119	110	95	111	114	110	104	130	110	111	123	107	111	109	127	107	111	144	110	111	109	115	126	110	87	107	118
MWH-Ta3	G	71	60	90	63	94	73	69	68	66	72	75	70	72	61	67	55	63	66	66	73	60	53	53	64	74	74	63	77	61	73	73	67	78	73	74	76	87	70	58	61	77	80	66	72	66	81	55	71	84	81	61	74	75	83	78	57	61	55	66	57	83	70	63	64	64	71	60	81	68	69	57	72	73	68	65	50	66	68	68	66	74	72	58	65	84	79	76	71	69	58	73	110	57	72	59	69	63	59	71	53
Candidatus Aquiluna	G	84	97	122	114	106	112	122	101	110	113	106	88	105	116	115	111	110	106	129	119	115	112	117	112	103	108	136	107	105	99	110	116	117	96	109	121	117	110	118	99	85	115	117	107	99	104	104	112	104	125	111	106	109	129	123	110	111	110	127	121	113	111	119	99	110	116	119	107	123	118	117	109	102	114	125	104	128	106	125	115	95	108	99	110	113	103	108	126	92	134	122	100	100	117	101	121	126	109	112	114
Curtobacterium	G	30	32	28	26	29	39	26	28	42	27	29	35	24	19	31	24	23	28	26	24	29	22	25	22	34	18	25	26	31	32	20	35	35	36	25	36	26	34	21	32	29	23	37	34	26	29	33	29	30	37	30	44	36	25	29	35	32	27	29	30	33	33	26	35	23	33	40	21	30	22	26	31	33	37	27	29	34	26	31	29	38	36	27	22	24	26	36	36	34	39	15	35	35	26	27	24	27	22	35	26
Aurantimicrobium	G	30	25	21	25	39	28	25	29	21	27	31	30	37	20	34	30	29	38	42	23	38	32	26	31	27	25	31	34	25	42	31	32	24	27	27	31	32	43	28	36	24	26	36	25	26	38	25	36	22	35	35	24	35	34	31	34	28	30	34	34	25	31	35	33	30	26	27	36	26	34	41	30	23	26	30	35	32	29	27	37	28	28	28	32	26	34	36	36	34	29	38	31	27	24	27	29	40	36	23	31
Microbacteriaceae (uncultured)	G	29	23	30	22	26	30	30	17	23	24	26	32	31	33	26	25	27	20	37	22	25	35	25	26	32	27	31	23	27	24	16	24	29	21	24	28	22	25	29	23	21	24	16	23	26	26	27	17	31	25	28	32	26	26	30	35	28	34	24	21	25	33	29	27	36	23	17	16	24	19	30	33	24	32	27	34	24	30	26	27	25	24	37	26	20	31	20	18	30	34	32	26	25	35	28	20	28	23	30	27
Frigoribacterium	G	12	20	11	16	9	15	17	15	9	10	8	15	10	14	15	12	12	9	14	19	11	7	12	15	19	12	9	14	13	13	10	17	15	11	15	8	17	15	13	13	9	11	7	10	9	14	9	17	9	14	6	4	12	6	12	8	10	9	10	7	8	16	6	20	12	9	18	15	11	13	16	13	13	10	9	8	14	14	13	11	12	13	15	10	14	10	11	16	11	16	8	9	14	8	12	14	19	12	17	15
Clavibacter	G	13	15	15	13	13	16	17	16	13	17	11	17	12	17	12	21	23	15	14	16	18	14	15	21	16	18	20	16	15	16	14	16	17	23	19	15	18	13	16	24	20	11	14	8	17	13	16	15	14	14	22	18	12	20	21	18	18	22	22	20	12	23	15	12	12	12	13	14	18	11	9	18	18	12	11	18	12	27	16	19	17	17	16	13	17	22	17	9	16	13	6	11	17	17	11	12	10	16	18	24
Cryobacterium	G	8	6	4	5	9	11	6	11	9	11	6	9	10	10	9	8	7	12	11	10	11	7	5	17	5	10	4	8	8	9	10	10	7	11	7	9	14	15	7	8	9	7	11	6	5	5	7	5	12	6	9	6	9	11	11	10	7	8	9	8	7	4	10	6	16	9	11	9	9	14	13	8	11	7	7	7	7	12	5	8	8	6	11	6	13	8	7	8	8	8	9	8	9	7	9	4	8	12	3	13
Mycetocola	G	7	5	1	4	5	6	7	6	7	6	3	3	4	5	6	5	6	8	3	4	8	7	6	2	3	5	6	8	9	7	9	6	9	6	2	3	7	2	14	4	11	4	8	8	5	7	3	7	6	2	8	6	7	4	8	5	10	6	4	10	5	5	8	9	6	5	4	5	5	6	8	3	6	3	6	7	4	7	4	5	11	5	5	5	9	11	2	2	5	5	4	3	10	8	6	3	5	6	5	5
Agromyces	G	33	40	38	27	44	39	31	31	41	35	26	32	37	35	34	33	46	26	33	39	36	34	31	40	24	36	37	32	30	36	34	27	31	27	36	36	31	41	31	36	36	26	31	44	34	31	19	30	27	34	39	40	38	30	39	37	35	30	22	35	37	27	37	34	30	32	44	40	34	35	34	36	41	48	31	29	35	26	32	27	35	43	35	24	28	30	35	35	23	33	37	33	34	20	33	37	28	42	28	43
Parafrigoribacterium	G	2	5	3	4	8	7	4	6	1	7	4	2	6	4	3	7	11	6	8	4	4	7	3	4	9	6	9	6	3	3	3	6	8	9	6	5	8	3	9	7	2	8	3	5	5	9	5	6	6	6	3	8	13	2	6	6	4	8	4	6	8	5	8	5	6	7	1	5	5	5	1	2	4	2	1	4	7	0	4	7	5	3	2	7	8	8	6	4	7	5	5	8	1	5	5	1	6	11	0	5
Leucobacter	G	13	16	9	18	23	25	14	14	17	12	17	23	21	19	19	16	11	22	20	13	16	23	16	14	25	14	15	10	15	24	17	23	22	17	16	14	21	18	20	17	15	13	13	15	16	16	24	14	16	17	18	14	17	18	19	15	16	18	16	17	16	17	14	19	19	13	17	24	24	14	17	31	19	25	23	18	18	18	16	15	27	14	19	18	17	19	23	22	17	16	14	25	20	16	17	14	15	14	23	26
Pseudarthrobacter	G	2	3	5	4	7	4	2	7	12	5	3	2	3	4	4	4	8	2	6	5	5	3	2	1	6	4	2	3	3	2	8	5	8	6	4	7	11	9	6	2	5	3	6	4	5	4	7	3	3	0	6	6	6	10	4	1	5	8	2	5	7	3	1	8	4	4	4	4	3	7	4	6	6	4	5	5	6	3	4	6	4	4	4	8	4	4	4	6	6	5	2	5	7	6	4	6	4	4	5	4
Micrococcus	G	6	9	7	7	12	6	6	8	2	3	4	9	6	10	6	3	3	11	5	6	6	10	13	13	9	8	6	12	10	7	3	8	10	6	3	11	6	7	6	11	7	11	11	7	9	10	6	8	9	9	9	9	3	6	6	8	3	8	6	3	10	3	6	9	5	6	7	7	8	13	9	8	11	4	4	7	9	5	9	8	13	11	10	8	9	7	5	6	11	7	10	7	9	6	2	4	7	2	5	9
Arthrobacter	G	10	7	9	2	8	8	7	12	10	12	8	11	5	5	8	7	8	6	8	8	9	14	11	8	3	9	4	10	7	5	4	9	9	6	11	8	8	9	11	5	5	5	7	9	8	6	7	8	9	3	8	8	11	12	5	9	10	13	6	4	8	8	8	4	11	6	12	9	8	14	4	6	5	8	9	7	8	13	3	9	9	4	5	11	9	6	9	10	7	3	9	9	6	12	8	13	17	10	8	7
hgcI clade	G	250	261	246	278	274	268	277	279	274	271	257	240	256	275	244	268	268	235	271	242	259	283	269	239	289	260	257	234	283	265	263	271	235	281	262	264	232	247	278	274	277	245	266	283	275	260	278	266	254	260	248	258	272	271	251	267	241	266	238	238	306	267	277	284	258	295	233	280	255	231	258	287	263	245	279	264	284	257	288	263	279	250	275	265	264	244	263	299	275	268	275	289	264	262	268	262	255	279	265	281
Candidatus Planktophila	G	9	8	9	10	12	9	8	10	16	11	9	14	7	10	8	7	12	12	7	10	10	9	5	14	6	5	6	7	13	9	13	12	3	9	6	5	12	11	14	3	9	8	8	11	10	9	9	13	8	6	8	10	15	9	18	5	6	5	9	11	7	9	6	11	10	11	11	12	11	11	10	14	10	7	11	6	10	13	12	11	5	9	9	13	4	14	9	13	10	8	12	10	5	9	12	9	13	8	6	6
Streptomyces	G	27	30	34	25	26	26	27	24	28	25	32	21	21	25	24	17	32	30	30	29	34	22	30	24	40	31	35	15	16	26	24	20	20	28	19	25	26	21	29	36	34	24	24	26	27	23	27	29	24	28	30	24	22	35	30	20	25	26	23	22	34	29	29	33	28	24	14	25	21	29	24	22	19	39	24	34	25	22	30	26	24	26	29	32	28	24	36	29	27	16	33	34	24	29	25	36	29	30	28	22
Nocardioides	G	1	0	1	7	5	2	3	4	3	3	3	2	1	1	3	2	3	2	4	3	1	3	2	6	4	1	0	3	1	2	2	1	1	4	2	2	0	3	4	5	2	1	4	4	1	6	2	4	2	4	2	2	4	6	2	5	1	4	3	1	1	5	2	4	1	1	8	3	1	2	5	4	5	6	4	2	3	0	7	3	1	2	2	1	1	4	3	4	5	4	0	4	2	1	3	3	4	4	5	1
Nocardioidaceae (uncultured)	G	5	4	1	2	5	3	4	0	3	1	2	1	4	6	4	0	3	0	3	1	1	1	4	3	0	3	4	0	5	1	0	4	4	3	3	3	5	1	4	4	4	5	7	4	2	4	0	3	1	5	2	3	2	3	6	2	7	0	3	1	2	5	3	4	5	2	1	3	2	0	4	2	3	3	3	6	1	4	1	2	2	2	4	6	4	2	3	4	4	7	2	0	1	3	2	1	3	7	3	3
Cutibacterium	G	3	3	2	2	1	2	2	2	3	1	1	2	6	2	3	2	5	5	2	5	1	2	1	2	1	7	2	3	3	1	3	6	2	4	4	1	3	3	2	7	2	4	1	1	4	1	2	0	1	6	5	4	4	1	3	1	5	1	1	3	2	1	2	1	3	3	2	1	3	3	5	2	3	2	3	4	1	2	1	3	6	2	2	3	3	3	4	4	3	1	2	4	2	1	2	3	3	6	3	2
Corynebacterium 1	G	2	2	4	2	1	3	4	4	3	0	4	3	2	1	3	3	1	3	1	0	2	2	1	3	1	1	1	2	5	0	2	0	3	1	2	1	2	4	3	6	2	3	2	1	5	1	1	2	5	3	2	4	1	3	2	3	2	1	2	0	0	1	1	0	0	3	3	3	1	1	2	2	5	1	2	0	1	2	5	4	1	1	1	3	4	2	1	1	2	1	4	3	1	3	3	1	4	2	2	2
CL500-29 marine group	G	11	20	15	20	15	16	17	8	12	9	16	10	9	12	17	18	8	17	10	13	13	16	11	11	8	10	10	6	17	9	12	19	8	19	13	10	15	8	17	21	10	11	15	16	10	15	10	12	18	11	7	11	16	13	14	17	15	14	25	14	20	15	17	8	14	21	13	9	11	10	11	18	14	17	16	23	8	15	10	9	11	4	20	11	14	10	15	18	8	7	18	15	19	10	17	10	8	9	10	13
Ilumatobacter	G	11	9	7	5	5	10	5	2	6	7	6	8	5	6	7	11	7	1	5	6	6	6	3	10	7	4	6	4	7	9	5	8	3	5	3	7	8	2	8	6	6	6	11	4	7	6	2	7	8	7	7	7	9	5	4	2	2	5	2	4	3	4	4	6	4	6	8	5	1	10	8	3	5	4	6	1	8	6	3	6	10	5	8	4	9	12	7	7	4	4	5	5	5	3	6	3	9	7	5	3
Ilumatobacteraceae (uncultured)	G	2	2	2	4	3	8	3	1	2	4	2	4	5	1	2	1	1	3	3	2	6	1	3	3	4	1	0	2	1	1	1	3	4	2	2	1	5	2	1	0	4	2	5	1	3	2	2	2	3	1	7	1	2	1	4	1	1	4	1	2	4	2	3	3	0	2	2	3	4	4	3	5	0	4	2	1	1	2	0	0	3	5	3	2	1	2	1	2	0	4	1	5	3	1	2	5	1	3	1	0
IMCC26207	G	1	4	3	3	1	4	0	1	1	5	2	4	4	1	1	4	3	2	2	0	6	2	3	1	3	1	3	3	3	2	2	2	5	0	4	0	1	0	4	1	3	3	3	2	3	5	4	1	1	3	3	1	2	1	2	3	1	3	2	2	0	3	2	2	1	4	4	1	0	1	3	1	4	2	2	1	2	3	2	0	0	1	2	2	1	7	2	2	4	4	4	3	0	1	2	0	3	1	1	3
Iamia	G	3	1	2	3	3	2	3	4	8	3	0	5	5	4	1	7	4	0	2	1	4	4	4	1	5	4	4	2	0	4	4	3	4	5	4	3	2	0	1	5	4	3	1	4	3	6	5	2	3	4	0	4	6	3	1	4	4	1	3	5	3	0	2	6	4	3	3	5	5	5	3	2	1	2	2	4	3	0	0	1	4	4	4	6	2	3	4	1	7	8	3	2	4	2	3	5	3	4	5	6
Armatimonas	G	5	5	6	6	6	15	4	3	6	6	4	6	8	7	5	11	3	7	9	9	3	5	10	3	5	9	7	7	9	2	6	7	4	8	8	5	6	5	1	8	3	4	5	9	3	9	6	4	7	6	5	4	5	7	2	5	8	4	1	11	9	9	7	4	6	9	3	5	6	8	10	4	5	0	7	7	3	5	10	4	4	6	4	5	8	4	8	6	4	5	4	7	7	8	8	6	3	7	5	3
IMCC26134	G	90	85	83	88	71	108	77	80	66	80	81	88	77	85	80	77	76	103	89	84	72	88	84	84	77	97	81	77	85	88	88	90	78	70	77	88	92	78	93	94	97	90	100	95	98	76	89	94	82	85	78	94	85	70	76	72	100	77	76	80	92	92	74	84	94	85	68	91	91	72	80	74	80	78	80	62	88	72	63	75	72	87	85	98	103	83	86	75	98	88	82	72	82	71	91	107	79	72	67	69
Lacunisphaera	G	9	9	7	12	8	7	11	10	10	11	11	11	11	11	6	7	4	14	9	9	17	16	10	13	6	18	9	12	13	12	7	10	7	10	8	8	12	8	10	12	6	7	2	11	6	10	8	8	12	12	7	12	11	11	18	13	8	8	7	7	9	13	12	18	6	18	7	12	11	6	8	8	8	9	9	9	13	7	9	14	6	8	8	11	5	13	8	9	7	13	7	9	12	9	9	16	11	10	8	10
Cephaloticoccus	G	0	4	1	5	2	0	2	2	5	1	2	3	5	4	4	2	2	3	2	4	3	1	1	4	2	1	4	5	5	1	5	2	1	2	3	2	0	0	4	2	0	5	1	2	2	2	0	1	1	0	2	2	4	3	1	3	1	3	2	4	4	3	4	1	3	0	4	1	6	4	3	1	0	1	2	2	8	2	4	1	8	3	2	4	3	2	3	3	5	2	5	2	3	4	1	3	1	1	4	1
Opitutus	G	7	6	7	4	4	4	3	7	8	4	3	8	6	3	6	7	4	3	0	6	0	3	5	9	11	6	7	6	3	10	10	4	8	6	8	7	3	3	11	6	4	4	5	5	3	3	6	8	8	8	8	4	2	2	9	5	5	3	2	9	10	4	2	3	11	3	10	2	7	7	5	5	7	6	4	2	1	5	3	4	9	4	5	7	5	8	2	3	7	5	5	5	4	3	6	2	4	8	5	8
Opitutaceae (uncultured)	G	4	2	3	3	2	1	4	3	2	2	3	3	2	3	5	3	4	3	5	2	4	2	5	1	4	3	0	2	3	1	4	5	2	2	1	1	4	2	3	3	2	1	6	2	3	3	4	0	2	2	3	4	5	4	2	2	4	2	2	0	2	2	3	8	5	3	1	3	2	6	2	2	2	3	3	5	3	6	0	2	3	4	3	2	2	3	2	4	0	2	0	0	4	2	2	3	2	7	3	6
Verruc-01	G	11	2	8	8	10	6	5	10	8	10	4	11	3	5	9	6	10	11	1	3	4	4	9	3	12	4	9	6	3	10	5	6	5	7	3	6	2	6	5	8	6	7	4	8	11	8	7	7	6	7	5	9	7	7	8	5	6	8	8	2	6	5	8	3	5	9	4	5	6	7	8	4	4	9	7	7	3	2	10	3	6	3	6	6	3	4	6	6	6	6	4	9	6	6	7	3	4	3	12	9
Pelagicoccus	G	5	9	1	6	4	5	4	3	6	6	3	7	4	4	2	5	7	4	6	4	4	3	5	2	7	1	7	3	5	4	3	3	6	7	4	4	5	3	4	5	4	4	5	3	7	7	6	7	4	6	8	8	7	5	8	4	4	6	2	3	6	4	7	4	6	7	6	4	3	7	4	8	3	7	5	4	4	3	3	12	9	5	8	8	9	4	10	5	4	5	7	5	7	6	8	8	5	6	5	4
Arcobacter	G	146	145	147	132	138	136	142	151	157	125	137	142	123	144	146	151	154	137	145	158	151	122	161	135	140	147	141	153	159	149	121	137	153	142	148	154	170	127	149	150	147	121	155	125	180	173	133	135	128	164	146	129	136	148	146	130	122	158	160	144	151	146	147	138	151	147	143	151	145	146	139	184	153	149	151	155	137	114	141	120	122	143	146	148	160	134	149	152	131	139	141	155	137	155	167	134	145	131	134	125
Sulfurimonas	G	32	35	23	24	25	23	37	24	33	23	24	23	32	22	28	24	35	25	22	29	24	21	21	34	30	26	30	20	27	27	27	29	37	29	21	27	27	28	22	29	27	21	32	29	28	18	21	31	28	21	24	15	30	16	20	21	30	28	21	32	28	26	25	22	35	34	28	31	31	19	26	32	27	24	32	23	29	33	26	31	23	37	25	33	21	25	24	16	14	28	18	27	34	33	28	30	36	25	26	27
Sulfuricurvum	G	33	30	25	41	29	38	32	37	34	38	28	29	29	45	41	36	38	32	43	29	32	42	46	37	37	32	31	42	38	34	30	43	39	57	37	39	36	40	26	36	36	34	32	30	57	37	36	35	33	36	30	45	40	27	34	34	46	45	30	34	32	35	40	45	45	46	35	32	42	39	34	35	31	38	41	40	45	23	38	40	44	36	44	46	49	45	38	51	41	36	41	38	32	42	37	44	38	40	42	24
Sulfurospirillum	G	26	46	28	37	39	28	33	26	21	28	35	27	32	22	21	26	25	26	18	34	24	22	27	32	33	28	34	20	19	26	28	30	34	35	27	23	32	36	30	30	34	33	35	33	24	22	22	23	30	29	27	19	35	20	27	25	27	33	30	33	27	36	32	24	27	34	29	35	27	28	24	21	34	22	32	19	33	32	35	31	31	35	28	28	41	30	21	22	34	30	34	40	18	21	36	24	29	38	30	26
Sulfurovum	G	0	3	1	0	3	2	2	6	2	2	4	3	1	5	1	1	3	5	3	5	3	3	6	2	4	1	2	6	4	3	6	3	3	2	1	1	3	2	4	1	2	4	4	6	1	2	1	4	4	3	3	3	1	3	2	4	3	4	3	1	5	0	3	4	1	4	4	3	4	2	2	3	4	3	4	0	2	1	5	4	1	3	4	6	1	2	1	2	2	4	3	1	0	1	0	4	3	3	4	2
Nitrospira	G	10	7	3	5	6	6	11	8	4	8	4	8	3	7	4	8	6	7	6	3	9	7	8	4	5	5	4	8	8	10	4	3	7	5	9	4	10	7	8	2	9	5	6	6	6	12	6	6	8	9	9	4	8	8	7	7	6	8	5	8	6	7	10	8	4	16	8	2	5	4	10	7	8	6	9	8	8	5	10	10	10	6	8	5	5	7	5	4	4	11	4	12	4	3	5	5	5	4	8	4
Gemmatimonadaceae (uncultured)	G	8	9	8	9	9	6	6	11	8	6	9	6	4	4	8	11	8	6	9	10	9	10	13	6	5	8	8	7	11	11	8	3	12	5	10	9	6	4	9	6	4	4	7	4	8	13	7	7	6	13	6	4	6	10	8	10	5	9	6	5	5	10	11	7	11	8	5	8	7	7	6	9	5	6	7	5	9	9	2	6	8	3	8	3	8	4	10	10	9	13	6	7	4	4	5	6	8	11	6	5
Gemmataceae (uncultured)	G	3	3	3	7	4	4	6	5	4	10	6	5	7	4	5	5	6	3	3	1	8	5	1	9	9	4	5	6	6	6	10	4	9	4	4	4	4	11	11	5	8	6	8	7	2	3	4	7	8	4	5	10	4	5	6	9	6	5	10	5	5	1	7	8	5	7	5	6	7	5	7	9	4	6	3	3	6	5	7	3	6	1	3	4	10	1	3	7	5	0	9	7	5	7	4	6	6	5	6	9
Gemmata	G	6	2	3	1	5	5	5	1	2	3	2	1	4	4	0	3	2	2	5	2	5	3	1	8	5	3	2	2	4	1	3	3	1	6	0	6	4	5	3	5	0	1	2	1	5	5	1	2	4	1	2	2	2	1	1	1	1	3	5	1	1	1	3	2	2	2	0	3	2	3	3	0	1	3	3	2	1	2	4	4	5	2	5	4	4	3	3	1	6	4	1	6	7	4	5	0	0	5	4	5
Candidatus Omnitrophus	G	8	7	7	4	6	3	3	7	5	5	3	2	5	5	6	6	2	6	4	7	7	11	5	2	5	8	4	8	6	2	4	3	9	6	9	12	5	9	9	2	7	6	3	5	7	7	6	9	2	4	7	8	5	3	6	5	3	2	9	7	8	2	4	7	3	5	3	7	3	5	6	7	10	7	3	4	9	3	8	5	5	5	0	5	5	4	2	6	8	4	4	4	5	1	2	5	4	8	16	9
Fibrobacteraceae (uncultured)	G	12	20	18	17	22	15	16	13	17	13	20	18	23	23	15	17	21	28	15	14	23	15	18	16	20	22	18	18	9	20	20	15	16	15	21	18	21	24	28	25	13	20	20	22	16	14	21	18	16	22	21	12	17	12	20	17	22	22	21	20	13	14	18	25	24	15	26	18	22	23	19	22	18	19	23	21	16	19	29	19	18	13	19	20	28	20	19	17	23	20	17	24	19	21	21	19	24	19	16	23
Hypnocyclicus	G	4	5	8	3	2	4	13	5	4	3	7	4	3	4	8	5	3	7	3	4	3	2	2	6	7	8	3	7	1	5	3	6	3	3	8	2	4	7	6	7	6	8	4	6	6	2	3	5	5	3	4	7	4	9	2	4	5	5	3	4	4	4	8	2	7	4	6	9	7	5	4	7	3	3	4	1	11	3	8	5	6	6	5	6	6	3	3	4	3	7	1	6	4	1	6	3	3	4	6	3
Parapusillimonas	G	2	1	0	3	3	4	4	3	5	2	1	1	5	0	2	6	3	0	4	2	2	5	2	3	3	2	3	1	3	2	5	3	4	2	1	0	3	1	1	6	4	1	2	1	5	5	3	3	5	4	3	3	3	3	3	1	2	2	3	2	3	0	0	4	2	6	9	2	1	6	2	1	4	1	1	1	6	2	4	6	5	5	4	4	5	2	1	0	2	3	3	0	2	2	2	1	3	4	5	3
C39	G	8	4	8	11	9	8	11	5	4	5	5	8	2	5	9	8	6	2	5	6	7	11	3	7	3	14	8	6	7	12	11	7	7	3	6	8	9	5	4	6	5	8	12	4	9	5	9	11	8	7	13	3	13	11	6	3	7	7	8	9	3	7	7	8	6	8	12	6	11	9	7	11	4	7	7	9	10	10	6	8	5	6	7	8	5	9	11	6	9	15	10	10	11	8	7	5	11	1	9	3
Rivibacter	G	0	7	2	3	2	3	2	4	2	3	0	3	4	7	1	0	2	5	4	2	2	6	2	0	1	7	2	2	5	2	6	0	1	7	3	3	0	1	2	1	5	2	1	3	2	2	2	1	4	4	2	3	3	4	9	1	8	2	1	4	4	2	1	1	3	4	4	1	2	1	7	3	2	4	4	1	3	5	3	0	2	7	3	2	1	3	1	0	0	3	2	2	6	4	4	2	1	2	2	5
Candidatus Methylopumilus	G	9	4	4	5	3	3	4	5	9	7	8	3	3	6	6	5	4	6	4	2	7	2	4	6	3	3	3	8	5	3	9	5	4	5	6	7	10	10	7	2	7	9	2	4	6	5	1	7	4	2	5	7	2	7	2	6	4	5	3	5	6	2	4	7	6	2	5	6	7	6	4	6	3	7	5	3	5	8	9	7	2	6	3	5	5	7	3	2	4	5	4	1	4	4	1	2	4	6	5	4
Sulfuricella	G	4	6	5	2	3	6	3	4	2	3	3	2	2	4	5	4	3	4	4	2	4	3	3	7	3	2	6	2	9	3	6	1	2	5	6	4	3	3	4	3	0	4	3	6	2	2	0	4	5	1	3	4	3	1	5	5	3	4	4	2	1	2	0	1	1	3	6	2	4	8	3	6	4	4	4	7	1	1	0	3	1	2	1	3	6	3	4	5	8	6	6	1	3	2	4	3	1	3	1	5
Iodobacter	G	2	1	1	1	0	2	2	2	2	1	0	0	0	0	1	6	2	2	1	4	2	2	4	3	3	2	2	2	2	2	2	2	4	4	1	2	2	3	1	2	0	0	1	1	5	1	0	3	0	3	4	3	2	2	1	2	4	0	2	2	3	0	0	0	4	1	2	2	3	2	4	4	1	2	2	1	1	1	2	3	0	4	3	1	3	1	2	2	1	2	2	4	3	4	4	0	1	2	2	3
Magnetospirillum	G	1	3	4	1	4	1	1	4	2	0	3	5	2	4	1	1	1	2	2	2	2	2	2	3	3	1	1	0	3	1	3	2	1	6	3	4	1	1	2	1	0	2	4	1	6	4	3	4	2	1	1	3	3	8	1	1	2	3	3	2	3	2	0	1	2	1	2	3	5	3	1	2	2	3	3	4	1	2	0	0	3	3	2	5	4	2	3	3	4	4	1	2	2	1	1	3	4	3	2	4
Faecalibacterium	G	13	14	10	12	10	18	13	7	12	10	12	13	12	15	14	15	14	11	10	16	9	12	15	11	15	12	8	14	12	15	15	14	15	16	11	17	20	18	8	10	6	12	11	10	16	8	12	9	11	9	15	11	11	17	14	12	11	16	18	13	19	13	20	8	13	11	14	16	15	13	15	16	12	16	17	9	20	17	19	15	8	14	18	9	9	14	14	13	9	13	14	22	13	12	10	17	16	14	10	13
ML602J-51	G	20	18	20	29	14	16	14	23	22	27	21	22	17	18	23	18	20	18	27	18	27	17	27	25	18	20	26	8	28	15	25	13	21	27	12	21	15	19	18	19	17	22	21	19	18	16	19	30	18	8	22	21	21	19	14	19	15	23	20	13	24	14	23	14	22	17	19	29	13	20	19	21	25	19	28	17	22	28	21	23	14	18	15	26	20	24	20	15	25	17	21	21	20	18	14	19	22	24	15	30
Kerstersia	G	6	1	5	3	4	1	2	2	2	3	3	5	4	0	2	2	4	2	6	1	12	1	4	3	4	2	4	2	3	6	3	2	8	2	0	1	3	5	2	4	4	2	3	3	4	1	4	4	2	3	0	4	3	3	4	2	3	4	0	6	2	2	2	2	4	4	6	2	2	2	2	2	2	1	2	2	1	3	6	3	3	5	3	3	3	1	1	1	0	1	4	6	3	2	4	0	0	4	3	2
UBA6140	G	6	1	2	2	1	1	5	2	2	3	3	2	3	3	1	1	1	4	1	2	2	2	4	1	3	1	4	4	1	0	2	0	1	2	0	3	5	1	3	3	1	4	2	1	2	3	3	5	7	4	3	1	1	2	2	5	2	6	1	4	1	2	0	4	0	3	1	1	2	0	3	3	3	3	0	0	2	4	1	6	3	1	4	5	1	3	2	2	2	4	2	5	0	1	5	2	1	3	2	3
MM2	G	0	4	5	4	3	3	2	4	6	2	3	0	4	0	2	3	1	5	5	3	2	2	3	2	3	5	4	1	3	4	6	1	4	4	5	5	3	4	3	3	2	2	1	4	4	3	5	3	4	3	4	2	4	2	6	6	3	2	5	7	2	4	3	5	5	2	5	1	5	2	6	3	4	2	2	4	3	8	0	5	3	0	2	7	3	2	4	2	5	4	2	2	3	5	2	3	4	6	1	1
Deefgea	G	6	5	7	9	5	11	5	7	8	6	13	8	3	11	5	7	10	8	7	2	9	9	5	6	10	9	4	8	8	8	8	4	8	9	5	2	7	6	5	5	10	10	7	5	10	6	5	4	4	6	9	11	3	7	9	10	6	8	8	6	6	9	9	11	9	7	8	6	7	9	8	7	6	10	7	6	9	7	6	8	10	8	6	9	10	10	10	9	4	10	7	9	9	7	15	7	5	8	10	15
Chitinibacter	G	5	2	3	2	1	1	7	5	2	3	2	2	2	6	0	6	2	0	2	1	2	5	3	2	5	3	3	4	0	5	2	2	2	5	1	4	8	2	4	3	9	2	3	3	6	4	5	5	2	2	1	3	3	4	4	6	1	9	4	0	4	4	3	4	1	5	2	3	3	1	3	1	1	6	1	6	4	5	5	5	1	1	1	1	2	0	4	7	3	6	3	5	8	6	2	7	4	3	4	6
Formivibrio	G	5	4	5	3	4	3	5	2	8	2	6	3	3	4	8	4	3	2	4	2	5	4	4	3	4	9	4	3	4	5	2	4	7	4	8	3	1	5	3	6	1	4	3	6	4	2	10	7	4	3	6	8	3	3	3	6	6	10	4	2	7	5	3	3	8	3	3	5	8	2	5	6	0	5	9	7	2	2	4	3	5	1	2	3	1	3	4	2	3	4	4	2	5	4	4	3	4	5	2	7
Perlucidibaca	G	22	29	18	17	16	22	18	15	16	27	23	26	20	22	16	20	27	26	15	17	27	24	19	19	15	19	14	13	16	17	21	20	28	17	15	18	19	18	23	16	10	14	10	14	22	21	18	21	13	17	18	16	19	17	20	13	18	22	9	21	20	19	23	29	19	18	29	24	17	14	19	26	19	14	21	18	18	25	24	21	22	22	10	16	21	23	15	22	24	24	29	20	22	26	20	14	24	22	22	22
Halomonas	G	6	3	1	3	4	4	1	3	1	5	1	4	3	3	2	4	3	3	2	4	2	4	5	2	2	7	3	3	5	2	3	3	5	3	3	5	1	2	3	5	5	5	4	4	4	4	2	7	2	3	3	8	0	3	1	2	1	2	8	4	3	3	1	1	2	2	6	5	6	4	3	2	4	6	3	2	6	4	4	4	3	2	3	2	7	3	3	1	6	2	3	3	2	2	3	3	5	2	6	3
Roseococcus	G	5	5	6	4	2	2	2	2	3	6	2	4	7	2	4	5	2	6	5	2	4	4	3	7	6	1	7	4	2	4	4	1	5	3	0	2	4	4	6	3	1	0	2	2	1	6	0	3	2	3	5	2	6	4	1	2	3	3	1	3	1	4	4	3	2	4	2	1	5	3	1	1	4	4	1	4	5	2	4	0	2	4	3	2	5	5	2	1	2	6	3	3	2	1	4	3	1	2	5	2
Geothermobacter	G	6	1	2	1	0	5	0	1	2	2	2	1	2	0	1	4	3	3	4	2	6	1	2	2	0	3	4	2	3	3	6	1	2	3	1	2	5	1	4	4	5	1	2	4	2	2	2	1	2	3	0	1	3	1	3	3	3	1	1	2	1	2	3	1	3	2	3	5	3	2	2	3	3	3	2	2	1	0	1	2	0	3	3	0	1	2	4	0	3	1	0	3	1	4	0	1	5	3	4	0
Oligoflexus	G	3	2	3	8	3	4	5	4	6	1	2	4	4	1	5	4	2	5	8	6	6	1	6	6	4	3	6	7	4	4	8	5	4	3	2	4	4	0	1	4	3	7	7	6	4	9	4	4	3	1	3	2	5	8	4	4	3	5	7	4	5	2	4	7	1	2	3	8	5	3	3	4	3	7	4	2	6	4	4	4	6	1	5	4	5	7	5	3	4	3	4	4	5	4	7	0	3	3	5	2
Dyadobacter	G	6	4	7	11	12	11	2	7	2	6	9	7	8	5	1	6	5	9	6	12	7	4	10	9	3	5	2	11	5	9	6	12	5	9	8	4	9	1	6	7	2	1	7	10	8	13	9	4	6	2	4	3	7	4	7	9	6	5	4	10	4	2	6	5	7	5	4	4	6	5	5	10	4	6	2	10	8	8	9	5	5	5	9	10	4	7	7	2	7	8	5	2	6	9	6	2	8	3	5	5
Nibribacter	G	1	2	0	2	0	4	2	3	6	1	3	5	1	1	0	3	1	1	0	2	1	5	0	3	1	4	2	6	3	2	1	5	1	3	2	4	2	1	2	0	3	1	6	3	1	3	0	1	1	4	2	3	0	3	4	2	2	3	2	4	1	2	4	2	4	3	5	1	0	2	2	1	1	2	3	3	5	4	1	0	0	3	1	1	1	1	3	0	2	2	0	3	0	3	1	2	3	4	4	3
Bacteroides	G	3	6	4	13	5	5	4	7	8	4	3	3	4	9	4	4	3	8	3	6	6	7	7	7	6	6	5	4	5	4	7	8	6	6	5	7	7	4	10	4	10	5	6	4	2	12	4	5	5	4	6	3	11	7	8	6	5	7	4	9	6	4	1	9	5	9	6	8	5	4	5	6	8	6	1	6	6	4	7	7	7	5	7	7	1	4	6	7	9	2	7	6	9	4	9	5	7	7	5	2
Peptoclostridium	G	3	4	2	3	5	3	6	1	2	2	2	1	2	2	4	1	2	0	1	6	4	5	2	2	3	2	3	1	1	1	2	2	2	5	3	2	7	5	5	0	4	0	2	3	2	3	2	3	2	1	3	3	2	3	1	5	3	5	1	2	4	4	1	3	5	1	1	2	1	3	0	2	3	4	4	4	1	2	0	3	4	2	3	2	5	3	0	5	2	1	1	6	2	2	3	4	7	1	0	2
Subdoligranulum	G	2	4	4	9	10	6	14	3	5	7	10	6	2	2	7	5	7	5	10	6	9	14	5	3	12	6	6	8	6	7	3	6	5	5	8	4	9	10	4	6	9	5	9	4	10	4	8	11	5	2	9	5	4	9	6	3	6	10	4	4	7	11	8	8	11	7	6	10	5	5	4	8	5	6	7	6	6	7	5	7	3	6	2	3	7	9	9	6	5	4	3	9	7	10	7	3	7	7	2	8
Veillonellaceae (uncultured)	G	4	1	4	4	3	2	1	1	3	2	3	1	4	1	1	2	1	2	3	2	0	4	4	2	2	3	3	1	4	4	2	2	1	1	3	2	4	2	0	2	3	1	3	6	4	4	2	8	5	4	2	3	3	0	1	3	2	4	2	3	0	2	2	2	6	5	0	4	3	1	2	4	2	4	3	0	4	2	3	3	3	1	3	3	4	4	1	7	2	3	7	2	5	2	3	3	5	1	0	2
Candidatus Limnoluna	G	9	18	10	8	13	13	11	8	8	12	10	10	12	9	7	15	11	10	8	7	12	8	13	6	12	17	10	7	11	7	7	10	13	6	6	10	18	7	7	10	10	10	8	13	12	7	11	9	13	2	9	8	5	11	12	14	12	10	12	13	3	5	12	11	7	8	13	10	8	17	12	13	11	10	7	8	12	17	13	7	11	12	10	16	6	9	9	6	14	14	11	7	6	8	8	17	7	14	13	8
Salinibacterium	G	4	1	6	4	2	4	7	4	5	3	6	8	2	5	3	2	2	9	3	2	2	2	4	2	3	7	2	6	4	2	6	3	2	8	2	3	3	4	5	7	4	7	9	4	5	6	1	4	4	7	2	4	4	2	3	4	7	3	1	6	2	3	4	3	4	6	6	1	7	8	4	6	1	2	8	3	4	3	6	9	1	5	2	7	8	6	2	6	3	4	1	5	4	2	3	6	3	3	3	8
Leifsonia	G	12	14	15	11	9	11	11	17	10	14	21	8	14	9	17	13	11	18	17	17	16	9	8	12	14	5	16	16	10	10	15	11	11	14	14	12	14	10	10	10	11	7	16	10	12	11	13	14	18	13	8	13	21	13	11	11	13	9	11	8	13	10	8	13	10	13	20	15	16	13	20	12	13	11	19	16	11	14	17	15	12	15	9	4	13	13	14	8	17	11	11	16	8	14	15	10	21	16	9	10
Agrococcus	G	9	5	7	9	11	6	9	8	8	17	5	6	9	1	9	9	9	7	4	5	17	7	7	4	10	7	10	15	9	8	10	8	11	8	9	9	4	5	3	2	5	6	9	4	7	9	5	8	7	8	5	3	4	8	5	10	9	11	7	4	3	9	9	10	8	8	9	5	5	7	3	6	5	10	10	6	6	5	6	5	9	6	9	8	6	8	8	5	6	3	9	7	5	7	6	7	10	4	9	6
Pseudoclavibacter	G	13	9	6	6	5	12	6	9	9	4	9	7	7	9	5	5	4	10	7	10	5	7	6	9	6	4	4	9	10	10	7	6	3	4	8	7	14	4	7	4	4	5	8	13	8	6	11	8	3	7	8	6	4	12	7	8	5	8	5	8	12	5	7	2	8	9	2	6	5	7	2	6	7	6	7	8	8	4	7	8	10	7	7	5	6	5	6	11	1	8	5	7	7	7	6	5	2	7	8	7
Microterricola	G	5	2	8	1	3	3	2	10	6	5	5	2	6	5	3	3	0	2	6	2	4	2	2	7	6	1	3	4	0	1	2	6	2	5	4	3	4	2	5	2	3	4	2	3	1	3	3	1	5	3	3	2	4	4	2	5	4	4	5	4	4	1	4	5	3	7	3	3	1	3	2	4	4	7	1	2	5	6	4	8	3	4	6	1	1	3	5	3	0	5	4	2	3	3	0	8	4	1	4	6
Cellvibrio	G	8	3	3	3	4	7	5	5	6	4	6	5	7	5	7	6	4	5	5	3	0	6	4	4	8	6	7	2	6	3	4	4	5	4	2	4	2	4	0	7	7	5	4	1	6	7	1	2	3	3	3	5	3	5	6	5	1	8	4	4	5	3	9	5	1	2	5	4	4	3	2	4	5	2	3	4	4	3	7	3	3	6	4	3	3	5	1	7	6	7	2	3	2	2	4	1	3	6	5	7
[Polyangium] brachysporum group	G	2	3	0	4	3	6	5	7	5	1	3	8	3	4	4	1	7	3	5	1	4	2	2	2	3	4	2	2	2	6	1	4	1	2	3	6	1	4	3	2	4	1	3	6	2	3	0	1	2	4	3	2	2	4	2	2	3	4	5	1	4	3	7	3	3	1	1	1	1	1	4	3	4	2	5	9	3	2	5	3	6	3	3	5	2	2	4	3	0	3	6	2	3	6	1	8	0	2	1	8
Solimonadaceae (uncultured)	G	4	0	2	4	3	3	3	2	5	4	4	8	3	9	3	3	5	5	6	3	5	12	2	7	3	2	4	4	3	2	1	5	2	7	8	4	5	3	2	4	6	6	1	9	3	3	7	5	5	5	3	2	3	5	0	1	3	6	3	3	1	3	3	2	4	4	7	4	5	4	2	6	3	7	5	7	4	3	3	8	1	7	10	3	5	6	6	9	4	2	5	8	8	3	8	2	7	3	6	6
Frondihabitans	G	3	6	2	2	6	4	4	2	3	7	4	5	7	5	3	5	4	1	5	2	7	9	6	4	2	9	4	4	4	5	9	2	2	6	5	2	4	9	8	5	3	2	3	2	3	5	6	5	5	5	4	3	3	5	5	6	6	5	5	3	5	2	5	5	5	6	7	5	5	3	8	8	2	6	11	7	6	6	2	7	7	4	6	5	6	6	6	3	3	6	9	8	3	5	7	3	7	7	5	8
Candidatus Flaviluna	G	3	6	5	1	2	6	4	7	0	4	3	3	2	4	6	10	5	4	5	3	5	4	3	4	3	3	7	3	5	3	0	3	6	3	4	6	6	5	5	2	5	2	2	6	3	1	1	3	9	2	2	1	2	5	5	3	5	5	2	4	7	3	7	1	4	2	4	5	3	6	5	7	5	5	10	4	4	4	6	3	7	7	1	4	6	3	5	2	1	7	3	8	4	1	5	10	8	2	1	6
Lysinimonas	G	2	6	2	7	5	2	5	2	4	2	5	2	4	6	3	4	3	5	8	1	3	5	2	3	5	4	4	1	0	5	4	3	1	4	2	3	6	1	2	3	2	4	3	2	2	5	5	3	3	7	0	5	5	4	4	7	3	2	6	4	3	6	4	4	2	4	5	3	7	3	6	3	10	3	4	2	2	3	5	9	6	7	4	3	4	4	5	3	5	3	6	1	6	7	2	6	3	4	10	3
Galbitalea	G	3	7	2	4	4	1	1	3	2	7	5	1	3	10	5	3	1	1	1	4	2	2	2	5	3	5	9	2	2	4	2	4	5	2	3	3	5	4	3	2	2	5	1	2	5	1	3	4	3	6	3	2	6	3	5	3	2	3	7	0	6	4	2	4	5	1	2	3	2	4	5	3	0	1	3	2	2	1	3	4	2	2	2	6	0	3	4	3	4	1	3	3	3	3	6	3	0	4	3	1
