	1-April_family.tsv	1-August_family.tsv	1-June_family.tsv	2-April_family.tsv	2-August_family.tsv	3-April_family.tsv	4-April_family.tsv	4-August_family.tsv	5-April_family.tsv	5-August_family.tsv	6-August_family.tsv	6-June_family.tsv	7-April_family.tsv	8-April_family.tsv	9.1-August_family.tsv	9.2-August_family.tsv	Mock-April_family.tsv	Mock-August_family.tsv	Mock-June_family.tsv	N-August_family.tsv
0319-6G20	11.0	14.0	8.0	11.0	4.0	21.0	19.0	23.0	23.0	11.0	21.0	3.0	295.0	46.0	20.0	9.0	0.0	0.0	0.0	0.0
053A03-B-DI-P58	0.0	0.0	0.0	0.0	0.0	0.0	0.0	1.0	0.0	1.0	3.0	0.0	9.0	0.0	0.0	0.0	0.0	0.0	0.0	0.0
27F-1492R	0.0	0.0	0.0	0.0	0.0	0.0	0.0	0.0	0.0	0.0	0.0	0.0	0.0	0.0	0.0	0.0	0.0	0.0	0.0	0.0
37-13	1.0	5.0	0.0	0.0	0.0	1.0	5.0	1.0	16.0	4.0	7.0	0.0	2.0	8.0	0.0	0.0	0.0	0.0	0.0	0.0
4572-13	0.0	0.0	0.0	0.0	0.0	0.0	0.0	0.0	0.0	0.0	0.0	0.0	6.0	0.0	0.0	0.0	0.0	0.0	0.0	0.0
67-14	0.0	2.0	0.0	46.0	13.0	0.0	2.0	9.0	0.0	3.0	4.0	0.0	1.0	21.0	31.0	32.0	0.0	0.0	0.0	0.0
A0839	5.0	1.0	5.0	5.0	9.0	0.0	0.0	4.0	1.0	2.0	3.0	0.0	15.0	14.0	6.0	0.0	0.0	0.0	0.0	0.0
A21b	1.0	0.0	0.0	6.0	3.0	0.0	2.0	1.0	1.0	2.0	0.0	0.0	1.0	3.0	0.0	0.0	0.0	0.0	0.0	15.0
A4b	0.0	0.0	0.0	1.0	0.0	0.0	0.0	0.0	0.0	0.0	1.0	0.0	0.0	0.0	1.0	0.0	0.0	0.0	0.0	0.0
AB1	1.0	1.0	1.0	2.0	6.0	3.0	5.0	7.0	7.0	2.0	3.0	0.0	20.0	7.0	15.0	6.0	0.0	0.0	0.0	0.0
AEGEAN-169 marine group	0.0	0.0	0.0	0.0	1.0	0.0	0.0	0.0	0.0	0.0	0.0	0.0	0.0	4.0	0.0	0.0	0.0	0.0	0.0	0.0
AKAU3564 sediment group	0.0	0.0	0.0	1.0	0.0	0.0	0.0	0.0	0.0	0.0	0.0	0.0	9.0	0.0	0.0	0.0	0.0	0.0	0.0	0.0
AKIW781	0.0	0.0	0.0	0.0	0.0	0.0	0.0	1.0	0.0	0.0	0.0	0.0	0.0	0.0	0.0	0.0	0.0	0.0	0.0	0.0
AKYH767	5.0	8.0	8.0	7.0	4.0	10.0	29.0	5.0	33.0	12.0	7.0	18.0	8.0	52.0	2.0	18.0	0.0	0.0	0.0	0.0
Acanthopleuribacteraceae	0.0	0.0	0.0	0.0	0.0	0.0	0.0	0.0	0.0	0.0	0.0	0.0	0.0	0.0	0.0	0.0	0.0	0.0	0.0	0.0
Acetobacteraceae	1.0	5.0	22.0	13.0	9.0	3.0	4.0	23.0	4.0	11.0	18.0	12.0	64.0	17.0	11.0	16.0	0.0	0.0	0.0	0.0
Acetobacterales Incertae Sedis	0.0	0.0	0.0	0.0	4.0	0.0	0.0	1.0	0.0	2.0	0.0	0.0	14.0	0.0	2.0	0.0	0.0	0.0	0.0	0.0
Acidaminococcaceae	8.0	1.0	0.0	9.0	0.0	5.0	5.0	2.0	4.0	2.0	2.0	1.0	2.0	21.0	2.0	0.0	0.0	0.0	0.0	0.0
Acidiferrobacteraceae	2.0	1.0	8.0	4.0	0.0	2.0	0.0	3.0	5.0	0.0	1.0	0.0	49.0	1.0	0.0	0.0	0.0	0.0	0.0	0.0
Acidithiobacillaceae	0.0	0.0	0.0	0.0	0.0	0.0	0.0	0.0	0.0	1.0	0.0	0.0	1.0	0.0	0.0	0.0	0.0	0.0	0.0	0.0
Acidobacteriaceae (Subgroup 1)	0.0	0.0	0.0	0.0	0.0	0.0	0.0	2.0	0.0	0.0	0.0	0.0	0.0	0.0	0.0	0.0	0.0	0.0	0.0	0.0
Actinomycetaceae	0.0	0.0	0.0	1.0	0.0	0.0	0.0	0.0	0.0	1.0	0.0	0.0	0.0	2.0	0.0	0.0	0.0	0.0	0.0	0.0
Aeromonadaceae	102.0	138.0	265.0	147.0	63.0	41.0	89.0	106.0	32.0	20.0	28.0	32.0	246.0	191.0	32.0	33.0	0.0	1.0	0.0	106.0
Alcanivoracaceae	0.0	0.0	0.0	0.0	0.0	0.0	0.0	0.0	0.0	0.0	0.0	0.0	3.0	0.0	0.0	0.0	0.0	0.0	0.0	0.0
Alicyclobacillaceae	0.0	0.0	0.0	0.0	0.0	0.0	0.0	0.0	0.0	0.0	0.0	0.0	0.0	0.0	0.0	0.0	0.0	0.0	0.0	0.0
Alteromonadaceae	26.0	35.0	72.0	14.0	14.0	15.0	27.0	79.0	8.0	9.0	7.0	30.0	35.0	10.0	2.0	13.0	0.0	0.0	0.0	16.0
Amb-16S-1323	0.0	0.0	0.0	0.0	0.0	0.0	0.0	2.0	0.0	0.0	0.0	0.0	0.0	0.0	0.0	0.0	0.0	0.0	0.0	0.0
Amoebophilaceae	0.0	0.0	0.0	0.0	0.0	0.0	0.0	1.0	0.0	0.0	0.0	0.0	0.0	0.0	0.0	0.0	0.0	0.0	0.0	0.0
Anaerolineaceae	0.0	0.0	0.0	1.0	0.0	0.0	0.0	2.0	0.0	0.0	0.0	0.0	0.0	1.0	0.0	0.0	0.0	0.0	0.0	0.0
Anaplasmataceae	0.0	0.0	0.0	0.0	0.0	0.0	0.0	0.0	2.0	0.0	0.0	0.0	0.0	0.0	0.0	0.0	0.0	0.0	0.0	0.0
Aquaspirillaceae	26.0	11.0	16.0	28.0	13.0	11.0	14.0	6.0	14.0	3.0	3.0	0.0	237.0	22.0	1.0	18.0	0.0	0.0	0.0	0.0
Archangiaceae	0.0	0.0	0.0	2.0	0.0	0.0	0.0	1.0	0.0	1.0	2.0	0.0	11.0	2.0	0.0	0.0	0.0	0.0	0.0	0.0
Arcobacteraceae	2466.0	221.0	147.0	324.0	168.0	3646.0	1205.0	196.0	2947.0	448.0	356.0	28.0	684.0	4703.0	4448.0	6022.0	6.0	2.0	0.0	968.0
Arctic95B-14	0.0	0.0	0.0	0.0	0.0	0.0	0.0	2.0	0.0	0.0	0.0	0.0	2.0	0.0	0.0	0.0	0.0	0.0	0.0	0.0
Arenicellaceae	0.0	0.0	0.0	0.0	0.0	0.0	4.0	0.0	0.0	1.0	1.0	0.0	13.0	1.0	0.0	0.0	0.0	0.0	0.0	0.0
Armatimonadaceae	2.0	3.0	4.0	10.0	5.0	3.0	5.0	192.0	12.0	289.0	479.0	197.0	7.0	6.0	639.0	418.0	0.0	0.0	0.0	141.0
Azospirillaceae	0.0	5.0	12.0	1.0	52.0	0.0	0.0	102.0	2.0	13.0	10.0	6.0	19.0	0.0	1.0	0.0	0.0	0.0	0.0	124.0
Azospirillales Incertae Sedis	0.0	0.0	0.0	0.0	2.0	0.0	0.0	2.0	0.0	1.0	0.0	0.0	8.0	35.0	3.0	0.0	0.0	0.0	0.0	0.0
B1-7BS	0.0	14.0	4.0	17.0	12.0	0.0	2.0	22.0	16.0	9.0	6.0	1.0	8.0	5.0	2.0	0.0	0.0	0.0	0.0	0.0
B122	0.0	0.0	0.0	0.0	0.0	0.0	0.0	2.0	2.0	0.0	0.0	0.0	0.0	0.0	0.0	0.0	0.0	0.0	0.0	0.0
BIrii41	2.0	4.0	0.0	18.0	5.0	4.0	3.0	26.0	3.0	1.0	2.0	3.0	69.0	0.0	0.0	0.0	0.0	0.0	0.0	0.0
BSV26	2.0	5.0	0.0	10.0	0.0	0.0	2.0	20.0	17.0	9.0	4.0	3.0	4.0	2.0	2.0	0.0	0.0	0.0	0.0	0.0
Babeliaceae	0.0	0.0	0.0	0.0	0.0	0.0	0.0	0.0	0.0	0.0	0.0	0.0	0.0	0.0	0.0	0.0	0.0	0.0	0.0	0.0
Bacillaceae	4.0	25.0	12.0	8.0	16.0	4.0	8.0	68.0	6.0	52.0	34.0	26.0	5.0	21.0	7.0	15.0	4645.0	4418.0	4725.0	22.0
Bacteriovoracaceae	27.0	7.0	1.0	10.0	3.0	40.0	30.0	16.0	51.0	9.0	11.0	0.0	428.0	21.0	0.0	0.0	0.0	0.0	0.0	0.0
Bacteroidaceae	13.0	2.0	0.0	10.0	2.0	12.0	10.0	2.0	10.0	3.0	0.0	0.0	3.0	1.0	8.0	8.0	0.0	0.0	0.0	0.0
Bacteroidetes BD2-2	3.0	4.0	0.0	6.0	12.0	1.0	2.0	0.0	7.0	8.0	1.0	0.0	2.0	1.0	12.0	0.0	0.0	0.0	0.0	0.0
Bacteroidetes vadinHA17	0.0	1.0	0.0	0.0	0.0	1.0	2.0	0.0	3.0	0.0	2.0	0.0	0.0	0.0	1.0	0.0	0.0	0.0	0.0	0.0
Balneolaceae	0.0	0.0	0.0	0.0	0.0	0.0	0.0	0.0	0.0	0.0	0.0	0.0	0.0	0.0	0.0	0.0	0.0	0.0	0.0	0.0
Barnesiellaceae	1.0	0.0	0.0	0.0	0.0	0.0	0.0	0.0	0.0	0.0	0.0	0.0	0.0	0.0	0.0	0.0	0.0	0.0	0.0	0.0
Bdellovibrionaceae	0.0	4.0	4.0	20.0	5.0	0.0	2.0	27.0	9.0	14.0	35.0	29.0	45.0	12.0	9.0	10.0	0.0	0.0	0.0	0.0
Beggiatoaceae	0.0	0.0	0.0	0.0	0.0	0.0	0.0	0.0	0.0	0.0	0.0	0.0	7.0	0.0	0.0	0.0	0.0	0.0	0.0	0.0
Beijerinckiaceae	9.0	16.0	20.0	67.0	50.0	9.0	41.0	51.0	22.0	13.0	27.0	24.0	793.0	70.0	41.0	57.0	0.0	0.0	0.0	588.0
Beutenbergiaceae	0.0	0.0	0.0	0.0	0.0	0.0	0.0	0.0	0.0	0.0	0.0	0.0	0.0	0.0	0.0	0.0	0.0	0.0	0.0	0.0
Blastocatellaceae	0.0	0.0	0.0	0.0	0.0	0.0	0.0	0.0	2.0	1.0	2.0	0.0	0.0	1.0	0.0	0.0	0.0	0.0	0.0	0.0
Blfdi19	2.0	2.0	1.0	4.0	4.0	1.0	3.0	5.0	7.0	4.0	5.0	0.0	80.0	18.0	2.0	7.0	0.0	0.0	0.0	0.0
Brocadiaceae	0.0	0.0	0.0	0.0	0.0	0.0	0.0	2.0	0.0	0.0	0.0	0.0	0.0	0.0	0.0	0.0	0.0	0.0	0.0	0.0
Burkholderiaceae	15672.0	13472.0	16079.0	24617.0	11454.0	11782.0	18865.0	17328.0	14887.0	15823.0	18158.0	26896.0	7148.0	11226.0	5061.0	8465.0	18.0	27.0	51.0	7727.0
C2U	0.0	0.0	0.0	0.0	0.0	0.0	0.0	0.0	0.0	0.0	0.0	0.0	1.0	0.0	0.0	0.0	0.0	0.0	0.0	0.0
CR-115	0.0	0.0	0.0	0.0	0.0	0.0	0.0	0.0	0.0	0.0	0.0	0.0	0.0	0.0	0.0	0.0	0.0	0.0	0.0	0.0
Caedibacteraceae	0.0	0.0	0.0	0.0	0.0	0.0	0.0	0.0	0.0	0.0	0.0	0.0	5.0	2.0	1.0	0.0	0.0	0.0	0.0	0.0
Caldicoprobacteraceae	0.0	0.0	0.0	0.0	0.0	0.0	0.0	1.0	0.0	0.0	0.0	0.0	0.0	0.0	0.0	0.0	0.0	0.0	0.0	0.0
Caldilineaceae	0.0	0.0	0.0	1.0	0.0	0.0	1.0	2.0	0.0	0.0	1.0	0.0	1.0	22.0	0.0	0.0	0.0	0.0	0.0	0.0
Caldisericaceae	0.0	0.0	0.0	0.0	0.0	0.0	0.0	0.0	0.0	0.0	0.0	0.0	0.0	0.0	0.0	0.0	0.0	0.0	0.0	0.0
Calditrichaceae	0.0	0.0	0.0	0.0	0.0	0.0	0.0	0.0	1.0	0.0	2.0	0.0	0.0	0.0	0.0	0.0	0.0	0.0	0.0	0.0
Campylobacteraceae	2.0	0.0	0.0	0.0	0.0	2.0	0.0	1.0	3.0	3.0	3.0	0.0	0.0	0.0	1.0	0.0	0.0	0.0	0.0	0.0
Carnobacteriaceae	44.0	7.0	14.0	91.0	8.0	39.0	46.0	2.0	45.0	11.0	13.0	1.0	22.0	304.0	8.0	7.0	16.0	25.0	16.0	23.0
Caulobacteraceae	18.0	10.0	16.0	127.0	34.0	41.0	60.0	45.0	50.0	11.0	33.0	36.0	559.0	59.0	22.0	38.0	0.0	0.0	0.0	0.0
Cellvibrionaceae	6.0	4.0	6.0	7.0	5.0	3.0	7.0	24.0	1.0	3.0	0.0	0.0	16.0	3.0	3.0	0.0	0.0	0.0	0.0	0.0
Chitinibacteraceae	12.0	26.0	26.0	17.0	18.0	7.0	28.0	86.0	14.0	13.0	15.0	5.0	190.0	8.0	4.0	5.0	0.0	0.0	0.0	115.0
Chitinimonadaceae	0.0	6.0	0.0	4.0	1.0	3.0	0.0	1.0	0.0	5.0	6.0	0.0	10.0	0.0	4.0	0.0	0.0	0.0	0.0	0.0
Chitinophagaceae	122.0	85.0	60.0	46.0	140.0	87.0	147.0	124.0	244.0	209.0	367.0	147.0	51.0	487.0	491.0	439.0	0.0	0.0	0.0	202.0
Christensenellaceae	11.0	3.0	10.0	38.0	8.0	19.0	7.0	10.0	18.0	6.0	11.0	6.0	17.0	43.0	3.0	0.0	0.0	0.0	0.0	0.0
Chromatiaceae	5.0	0.0	0.0	3.0	1.0	0.0	0.0	2.0	0.0	0.0	0.0	0.0	4.0	0.0	0.0	0.0	0.0	0.0	0.0	0.0
Chromobacteriaceae	20.0	18.0	34.0	31.0	18.0	4.0	4.0	37.0	7.0	7.0	0.0	58.0	80.0	2.0	2.0	0.0	0.0	0.0	0.0	8.0
Chroococcidiopsaceae	0.0	0.0	0.0	0.0	0.0	0.0	0.0	3.0	0.0	4.0	0.0	0.0	0.0	1.0	2.0	0.0	0.0	0.0	0.0	0.0
Clade III	0.0	0.0	0.0	0.0	0.0	0.0	0.0	0.0	0.0	0.0	1.0	0.0	1.0	0.0	14.0	9.0	0.0	0.0	0.0	0.0
Clostridiaceae 1	22.0	22.0	24.0	18.0	77.0	13.0	23.0	99.0	29.0	48.0	69.0	63.0	35.0	74.0	37.0	67.0	0.0	0.0	0.0	53.0
Clostridiaceae 2	0.0	0.0	0.0	0.0	0.0	0.0	0.0	0.0	0.0	0.0	0.0	0.0	0.0	0.0	0.0	0.0	0.0	0.0	0.0	0.0
Clostridiaceae 4	0.0	0.0	0.0	0.0	0.0	0.0	0.0	0.0	0.0	0.0	0.0	0.0	0.0	0.0	0.0	0.0	0.0	0.0	0.0	0.0
Clostridiales vadinBB60 group	0.0	1.0	0.0	0.0	0.0	2.0	4.0	0.0	0.0	0.0	0.0	0.0	0.0	3.0	0.0	0.0	0.0	0.0	0.0	0.0
Competibacteraceae	0.0	0.0	0.0	1.0	0.0	0.0	2.0	0.0	0.0	1.0	2.0	0.0	31.0	2.0	3.0	3.0	0.0	0.0	0.0	0.0
Coxiellaceae	6.0	3.0	5.0	2.0	0.0	5.0	2.0	11.0	2.0	4.0	7.0	2.0	51.0	10.0	4.0	10.0	0.0	0.0	0.0	6.0
Crocinitomicaceae	223.0	217.0	170.0	65.0	387.0	248.0	118.0	60.0	216.0	82.0	67.0	26.0	102.0	58.0	197.0	181.0	0.0	0.0	0.0	236.0
Cryomorphaceae	0.0	2.0	12.0	0.0	0.0	0.0	2.0	2.0	0.0	4.0	3.0	0.0	5.0	1.0	66.0	36.0	0.0	0.0	0.0	0.0
Cryptosporangiaceae	0.0	2.0	4.0	4.0	6.0	0.0	1.0	2.0	0.0	1.0	0.0	0.0	0.0	6.0	79.0	68.0	0.0	0.0	0.0	12.0
Cyanobacteriaceae	0.0	0.0	0.0	0.0	0.0	0.0	0.0	1.0	0.0	0.0	0.0	0.0	0.0	2.0	0.0	0.0	0.0	0.0	0.0	0.0
Cyanobiaceae	0.0	1.0	0.0	0.0	0.0	2.0	0.0	18.0	4.0	10.0	18.0	0.0	0.0	2.0	114.0	118.0	0.0	0.0	0.0	0.0
Cyclobacteriaceae	25.0	0.0	0.0	8.0	3.0	45.0	22.0	12.0	27.0	7.0	10.0	1.0	17.0	13.0	72.0	108.0	0.0	0.0	0.0	0.0
Cytophagaceae	11.0	5.0	0.0	6.0	4.0	14.0	8.0	10.0	18.0	1.0	1.0	0.0	4.0	3.0	1.0	0.0	0.0	0.0	0.0	0.0
D05-2	0.0	0.0	0.0	2.0	0.0	0.0	0.0	9.0	0.0	0.0	0.0	0.0	7.0	0.0	0.0	0.0	0.0	0.0	0.0	0.0
Deferribacteraceae	0.0	1.0	0.0	0.0	0.0	0.0	0.0	2.0	0.0	0.0	0.0	0.0	0.0	0.0	0.0	0.0	0.0	0.0	0.0	0.0
Defluviitaleaceae	0.0	0.0	0.0	0.0	0.0	0.0	0.0	0.0	0.0	1.0	0.0	0.0	0.0	0.0	0.0	0.0	0.0	0.0	0.0	0.0
Deinococcaceae	0.0	0.0	0.0	0.0	0.0	0.0	0.0	0.0	0.0	1.0	3.0	0.0	0.0	8.0	0.0	0.0	0.0	0.0	0.0	0.0
Demequinaceae	0.0	0.0	0.0	1.0	0.0	1.0	0.0	0.0	0.0	0.0	0.0	0.0	0.0	0.0	0.0	0.0	0.0	0.0	0.0	0.0
Desulfarculaceae	0.0	4.0	0.0	14.0	0.0	0.0	1.0	2.0	11.0	1.0	4.0	0.0	51.0	6.0	1.0	0.0	0.0	0.0	0.0	0.0
Desulfobacteraceae	1.0	0.0	0.0	9.0	1.0	5.0	6.0	5.0	4.0	4.0	2.0	3.0	22.0	8.0	0.0	0.0	0.0	0.0	0.0	0.0
Desulfobulbaceae	0.0	0.0	0.0	8.0	0.0	1.0	4.0	2.0	3.0	1.0	3.0	0.0	3.0	5.0	0.0	0.0	0.0	0.0	0.0	0.0
Desulfovibrionaceae	1.0	1.0	0.0	4.0	0.0	0.0	0.0	3.0	0.0	0.0	1.0	0.0	5.0	0.0	0.0	0.0	0.0	0.0	0.0	0.0
Desulfuromonadaceae	1.0	0.0	0.0	0.0	0.0	1.0	5.0	3.0	3.0	1.0	0.0	0.0	28.0	0.0	0.0	0.0	0.0	0.0	0.0	0.0
Devosiaceae	15.0	18.0	28.0	88.0	69.0	22.0	39.0	67.0	30.0	16.0	32.0	24.0	298.0	73.0	23.0	26.0	0.0	0.0	0.0	0.0
Diplorickettsiaceae	73.0	314.0	191.0	100.0	149.0	45.0	95.0	691.0	52.0	461.0	359.0	405.0	627.0	118.0	40.0	37.0	0.0	1.0	0.0	483.0
Dongiaceae	0.0	1.0	5.0	1.0	6.0	1.0	2.0	4.0	5.0	2.0	1.0	0.0	33.0	7.0	0.0	0.0	0.0	0.0	0.0	0.0
Dysgonomonadaceae	1.0	2.0	0.0	0.0	0.0	1.0	1.0	0.0	3.0	0.0	0.0	0.0	0.0	0.0	0.0	0.0	0.0	0.0	0.0	0.0
Ectothiorhodospiraceae	0.0	0.0	0.0	0.0	0.0	0.0	0.0	0.0	0.0	0.0	0.0	0.0	0.0	0.0	0.0	0.0	0.0	0.0	0.0	0.0
Eggerthellaceae	0.0	0.0	0.0	3.0	0.0	0.0	0.0	4.0	0.0	0.0	0.0	0.0	0.0	0.0	0.0	0.0	0.0	0.0	0.0	0.0
Elsteraceae	0.0	1.0	0.0	3.0	0.0	0.0	0.0	12.0	0.0	1.0	0.0	0.0	6.0	0.0	0.0	0.0	0.0	0.0	0.0	0.0
Endomicrobiaceae	0.0	0.0	0.0	1.0	0.0	1.0	0.0	0.0	0.0	2.0	0.0	0.0	0.0	0.0	0.0	0.0	0.0	0.0	0.0	0.0
Enterobacteriaceae	245.0	206.0	233.0	197.0	52.0	52.0	134.0	217.0	38.0	50.0	39.0	45.0	261.0	166.0	50.0	50.0	22086.0	22648.0	21355.0	495.0
Enterococcaceae	4.0	6.0	11.0	2.0	1.0	0.0	0.0	5.0	0.0	5.0	4.0	13.0	5.0	5.0	3.0	9.0	1850.0	1795.0	1901.0	0.0
Entotheonellaceae	0.0	0.0	0.0	6.0	0.0	0.0	1.0	2.0	0.0	0.0	0.0	0.0	3.0	0.0	0.0	0.0	0.0	0.0	0.0	0.0
Erysipelotrichaceae	0.0	0.0	0.0	0.0	2.0	0.0	0.0	0.0	0.0	0.0	1.0	0.0	0.0	2.0	2.0	0.0	0.0	0.0	0.0	0.0
Eubacteriaceae	0.0	1.0	4.0	1.0	0.0	0.0	0.0	2.0	2.0	2.0	0.0	0.0	0.0	3.0	1.0	0.0	0.0	0.0	0.0	0.0
FFCH9454	0.0	0.0	0.0	0.0	0.0	0.0	0.0	0.0	0.0	0.0	0.0	0.0	0.0	0.0	0.0	0.0	0.0	0.0	0.0	0.0
Family XI	0.0	0.0	0.0	0.0	0.0	0.0	1.0	1.0	0.0	0.0	3.0	0.0	0.0	4.0	0.0	0.0	0.0	0.0	0.0	0.0
Family XII	4.0	6.0	2.0	8.0	10.0	4.0	6.0	8.0	10.0	11.0	5.0	4.0	2.0	21.0	4.0	14.0	2.0	9.0	1.0	0.0
Family XIII	4.0	0.0	1.0	1.0	2.0	2.0	7.0	3.0	5.0	3.0	3.0	0.0	9.0	0.0	4.0	7.0	0.0	0.0	0.0	0.0
Family XVIII	0.0	0.0	0.0	0.0	0.0	0.0	0.0	0.0	0.0	0.0	0.0	0.0	0.0	0.0	0.0	0.0	0.0	0.0	0.0	0.0
Ferrovaceae	0.0	0.0	0.0	0.0	0.0	0.0	0.0	1.0	0.0	0.0	0.0	0.0	0.0	0.0	0.0	0.0	0.0	0.0	0.0	0.0
Fibrobacteraceae	26.0	46.0	11.0	34.0	47.0	23.0	30.0	107.0	28.0	43.0	14.0	10.0	42.0	13.0	22.0	7.0	0.0	0.0	0.0	6.0
Fimbriimonadaceae	0.0	1.0	0.0	0.0	0.0	0.0	0.0	0.0	0.0	0.0	0.0	0.0	0.0	0.0	0.0	0.0	0.0	0.0	0.0	0.0
Flammeovirgaceae	0.0	0.0	0.0	0.0	0.0	0.0	0.0	0.0	0.0	0.0	0.0	0.0	0.0	0.0	0.0	0.0	0.0	0.0	0.0	0.0
Flavobacteriaceae	1274.0	743.0	830.0	250.0	1104.0	1516.0	1150.0	246.0	1051.0	189.0	184.0	123.0	348.0	352.0	260.0	453.0	1.0	1.0	1.0	1923.0
Fodinicurvataceae	0.0	0.0	0.0	0.0	0.0	0.0	0.0	0.0	0.0	0.0	0.0	0.0	0.0	0.0	0.0	0.0	0.0	0.0	0.0	0.0
Francisellaceae	0.0	0.0	0.0	0.0	0.0	0.0	0.0	0.0	0.0	1.0	0.0	0.0	0.0	0.0	0.0	0.0	0.0	0.0	0.0	0.0
Fusobacteriaceae	0.0	0.0	0.0	0.0	0.0	0.0	0.0	1.0	0.0	3.0	0.0	0.0	0.0	0.0	1.0	0.0	0.0	0.0	0.0	0.0
GWC2-45-44	0.0	0.0	0.0	0.0	0.0	0.0	0.0	0.0	0.0	0.0	0.0	0.0	14.0	0.0	0.0	0.0	0.0	0.0	0.0	0.0
GWF2-44-16	0.0	0.0	0.0	0.0	0.0	0.0	0.0	0.0	0.0	0.0	0.0	0.0	2.0	0.0	0.0	0.0	0.0	0.0	0.0	0.0
Gaiellaceae	0.0	1.0	1.0	11.0	5.0	0.0	0.0	9.0	0.0	7.0	3.0	0.0	0.0	2.0	0.0	0.0	0.0	0.0	0.0	0.0
Gallionellaceae	50.0	34.0	32.0	70.0	15.0	42.0	44.0	41.0	85.0	40.0	23.0	9.0	94.0	21.0	4.0	0.0	0.0	0.0	0.0	70.0
Geitlerinemaceae	0.0	0.0	0.0	0.0	0.0	0.0	0.0	5.0	0.0	0.0	0.0	0.0	0.0	0.0	0.0	0.0	0.0	0.0	0.0	0.0
Geminicoccaceae	0.0	1.0	2.0	10.0	6.0	0.0	1.0	2.0	0.0	0.0	3.0	4.0	10.0	35.0	4.0	3.0	0.0	0.0	0.0	0.0
Gemmataceae	7.0	11.0	10.0	81.0	9.0	3.0	15.0	48.0	6.0	9.0	16.0	25.0	9.0	25.0	3.0	7.0	0.0	0.0	0.0	0.0
Gemmatimonadaceae	3.0	11.0	8.0	70.0	44.0	7.0	10.0	94.0	33.0	47.0	82.0	25.0	241.0	56.0	85.0	124.0	0.0	0.0	0.0	8.0
Geobacteraceae	7.0	3.0	3.0	22.0	3.0	1.0	14.0	11.0	18.0	6.0	5.0	8.0	139.0	20.0	1.0	0.0	0.0	0.0	0.0	0.0
Gracilibacteraceae	0.0	0.0	0.0	0.0	0.0	0.0	0.0	0.0	2.0	0.0	0.0	0.0	0.0	3.0	0.0	0.0	0.0	0.0	0.0	14.0
Hahellaceae	0.0	0.0	0.0	0.0	0.0	0.0	0.0	0.0	0.0	0.0	0.0	0.0	7.0	0.0	0.0	0.0	0.0	0.0	0.0	0.0
Haliangiaceae	9.0	24.0	36.0	205.0	21.0	14.0	42.0	182.0	79.0	41.0	46.0	30.0	69.0	1267.0	14.0	10.0	0.0	1.0	0.0	31.0
Halieaceae	0.0	1.0	0.0	3.0	0.0	0.0	1.0	1.0	2.0	0.0	3.0	0.0	10.0	7.0	0.0	0.0	0.0	0.0	0.0	23.0
Halomonadaceae	4.0	3.0	4.0	7.0	0.0	5.0	4.0	9.0	1.0	2.0	0.0	0.0	188.0	13.0	1.0	0.0	0.0	0.0	0.0	0.0
Halothiobacillaceae	0.0	0.0	0.0	0.0	3.0	0.0	0.0	0.0	0.0	0.0	0.0	0.0	0.0	0.0	0.0	0.0	0.0	0.0	0.0	0.0
Helicobacteraceae	0.0	0.0	0.0	0.0	0.0	0.0	0.0	0.0	0.0	0.0	0.0	0.0	0.0	0.0	0.0	0.0	0.0	0.0	0.0	0.0
Heliobacteriaceae	0.0	1.0	0.0	0.0	0.0	0.0	0.0	4.0	0.0	1.0	3.0	0.0	0.0	0.0	0.0	0.0	0.0	0.0	0.0	0.0
Herpetosiphonaceae	0.0	1.0	0.0	0.0	0.0	0.0	0.0	2.0	0.0	0.0	0.0	0.0	0.0	0.0	0.0	0.0	0.0	0.0	0.0	0.0
Holophagaceae	0.0	0.0	0.0	4.0	0.0	0.0	1.0	0.0	3.0	1.0	5.0	2.0	5.0	5.0	2.0	0.0	0.0	0.0	0.0	0.0
Holosporaceae	0.0	4.0	0.0	0.0	0.0	3.0	2.0	3.0	3.0	1.0	4.0	3.0	16.0	12.0	7.0	10.0	0.0	0.0	0.0	0.0
Hydrogenedensaceae	0.0	2.0	4.0	8.0	3.0	0.0	2.0	7.0	5.0	6.0	1.0	0.0	7.0	23.0	2.0	0.0	0.0	0.0	0.0	54.0
Hydrogenophilaceae	2.0	16.0	5.0	36.0	16.0	5.0	28.0	10.0	35.0	8.0	4.0	5.0	221.0	10.0	0.0	6.0	0.0	1.0	0.0	0.0
Hymenobacteraceae	0.0	0.0	0.0	0.0	0.0	0.0	0.0	0.0	0.0	0.0	0.0	0.0	0.0	0.0	0.0	0.0	0.0	0.0	0.0	5.0
Hyphomicrobiaceae	10.0	17.0	46.0	106.0	69.0	13.0	37.0	100.0	21.0	36.0	29.0	37.0	203.0	169.0	34.0	31.0	0.0	0.0	0.0	0.0
Hyphomonadaceae	0.0	1.0	2.0	0.0	1.0	0.0	1.0	0.0	7.0	3.0	1.0	0.0	40.0	16.0	0.0	0.0	0.0	0.0	0.0	0.0
Iamiaceae	0.0	0.0	1.0	4.0	3.0	0.0	0.0	2.0	0.0	0.0	0.0	0.0	0.0	9.0	2.0	0.0	0.0	0.0	0.0	0.0
Ignavibacteriaceae	0.0	0.0	0.0	0.0	0.0	0.0	0.0	0.0	1.0	0.0	1.0	0.0	0.0	0.0	0.0	0.0	0.0	0.0	0.0	0.0
Ilumatobacteraceae	5.0	7.0	28.0	25.0	31.0	5.0	6.0	33.0	5.0	17.0	21.0	10.0	5.0	39.0	119.0	110.0	0.0	0.0	0.0	0.0
Immundisolibacteraceae	0.0	0.0	0.0	0.0	0.0	0.0	0.0	0.0	0.0	0.0	0.0	0.0	1.0	0.0	0.0	0.0	0.0	0.0	0.0	0.0
Inquilinaceae	0.0	0.0	0.0	0.0	0.0	0.0	0.0	0.0	0.0	1.0	2.0	0.0	0.0	0.0	0.0	0.0	0.0	0.0	0.0	0.0
Intrasporangiaceae	0.0	1.0	0.0	4.0	4.0	0.0	0.0	4.0	0.0	0.0	1.0	0.0	2.0	122.0	1.0	0.0	0.0	0.0	0.0	6.0
Isosphaeraceae	1.0	6.0	0.0	8.0	3.0	0.0	1.0	23.0	0.0	3.0	1.0	6.0	1.0	3.0	0.0	0.0	0.0	0.0	0.0	0.0
JG30-KF-CM45	0.0	0.0	0.0	2.0	4.0	0.0	0.0	1.0	0.0	1.0	0.0	0.0	0.0	0.0	1.0	0.0	0.0	0.0	0.0	0.0
JTB215	0.0	1.0	0.0	0.0	4.0	0.0	0.0	2.0	0.0	0.0	0.0	0.0	0.0	0.0	0.0	0.0	0.0	0.0	0.0	0.0
KCLunmb-38-53	0.0	0.0	0.0	0.0	0.0	0.0	0.0	0.0	0.0	0.0	0.0	0.0	6.0	0.0	0.0	0.0	0.0	0.0	0.0	0.0
KD1-131	0.0	0.0	0.0	0.0	0.0	0.0	0.0	0.0	0.0	0.0	0.0	0.0	0.0	0.0	0.0	0.0	0.0	0.0	0.0	0.0
KD3-10	0.0	0.0	0.0	0.0	0.0	0.0	0.0	0.0	1.0	0.0	0.0	0.0	4.0	3.0	0.0	0.0	0.0	0.0	0.0	0.0
KD3-93	1.0	1.0	0.0	1.0	0.0	2.0	0.0	0.0	1.0	2.0	0.0	0.0	3.0	0.0	0.0	0.0	0.0	0.0	0.0	0.0
Kaistiaceae	0.0	0.0	0.0	5.0	3.0	2.0	1.0	6.0	0.0	1.0	0.0	0.0	14.0	4.0	0.0	0.0	0.0	0.0	0.0	0.0
Kangiellaceae	0.0	0.0	0.0	0.0	0.0	0.0	0.0	0.0	0.0	0.0	0.0	0.0	1.0	0.0	0.0	0.0	0.0	0.0	0.0	0.0
Kiloniellaceae	0.0	0.0	0.0	0.0	0.0	0.0	0.0	0.0	0.0	0.0	0.0	0.0	0.0	0.0	0.0	0.0	0.0	0.0	0.0	0.0
Kineosporiaceae	0.0	0.0	0.0	0.0	2.0	0.0	0.0	0.0	0.0	0.0	0.0	0.0	0.0	0.0	1.0	0.0	0.0	0.0	0.0	0.0
Kiritimatiellaceae	0.0	0.0	0.0	0.0	0.0	0.0	0.0	0.0	1.0	0.0	0.0	0.0	0.0	0.0	0.0	0.0	0.0	0.0	0.0	0.0
LH041	0.0	0.0	0.0	0.0	0.0	0.0	0.0	0.0	0.0	0.0	0.0	0.0	0.0	0.0	4.0	0.0	0.0	0.0	0.0	0.0
Labraceae	0.0	1.0	0.0	0.0	0.0	0.0	0.0	3.0	0.0	0.0	0.0	0.0	3.0	1.0	3.0	0.0	0.0	0.0	0.0	0.0
Lachnospiraceae	126.0	7.0	23.0	152.0	25.0	141.0	66.0	31.0	103.0	40.0	35.0	11.0	46.0	218.0	28.0	10.0	0.0	0.0	0.0	19.0
Lactobacillaceae	0.0	0.0	2.0	1.0	3.0	3.0	0.0	5.0	0.0	9.0	5.0	9.0	2.0	11.0	1.0	0.0	1720.0	1617.0	1837.0	0.0
Latescibacteraceae	0.0	0.0	0.0	1.0	0.0	0.0	0.0	1.0	0.0	0.0	0.0	0.0	0.0	3.0	0.0	0.0	0.0	0.0	0.0	0.0
Leeiaceae	2.0	0.0	0.0	0.0	0.0	0.0	0.0	0.0	0.0	0.0	0.0	0.0	5.0	0.0	0.0	0.0	0.0	0.0	0.0	0.0
Legionellaceae	33.0	28.0	18.0	36.0	19.0	13.0	23.0	64.0	13.0	29.0	25.0	18.0	281.0	61.0	22.0	26.0	0.0	0.0	0.0	0.0
Lenti-02	0.0	1.0	0.0	2.0	4.0	0.0	3.0	1.0	1.0	1.0	1.0	3.0	8.0	0.0	1.0	0.0	0.0	0.0	0.0	0.0
Lentimicrobiaceae	4.0	0.0	0.0	0.0	2.0	1.0	0.0	2.0	6.0	3.0	0.0	3.0	2.0	8.0	4.0	0.0	0.0	0.0	0.0	0.0
Lentisphaeraceae	6.0	2.0	8.0	2.0	10.0	4.0	6.0	14.0	2.0	1.0	3.0	3.0	15.0	1.0	2.0	0.0	0.0	0.0	0.0	0.0
Leptolyngbyaceae	0.0	0.0	0.0	0.0	0.0	0.0	0.0	0.0	0.0	0.0	0.0	0.0	0.0	0.0	2.0	0.0	0.0	0.0	0.0	0.0
Leptospiraceae	0.0	1.0	0.0	0.0	0.0	0.0	2.0	1.0	2.0	1.0	4.0	0.0	0.0	26.0	2.0	0.0	0.0	0.0	0.0	0.0
Leptotrichiaceae	15.0	4.0	6.0	0.0	5.0	10.0	3.0	0.0	11.0	3.0	1.0	0.0	4.0	2.0	5.0	0.0	0.0	0.0	0.0	0.0
Leuconostocaceae	0.0	0.0	0.0	1.0	0.0	0.0	0.0	1.0	0.0	0.0	0.0	0.0	0.0	0.0	0.0	0.0	0.0	0.0	0.0	0.0
LiUU-11-161	0.0	0.0	0.0	0.0	0.0	2.0	0.0	0.0	3.0	0.0	0.0	0.0	0.0	8.0	1.0	0.0	0.0	0.0	0.0	0.0
Listeriaceae	0.0	3.0	5.0	0.0	3.0	0.0	1.0	3.0	0.0	1.0	2.0	12.0	3.0	4.0	2.0	0.0	2845.0	2712.0	2982.0	0.0
Longimicrobiaceae	0.0	0.0	0.0	2.0	0.0	0.0	0.0	0.0	0.0	0.0	0.0	0.0	0.0	0.0	0.0	0.0	0.0	0.0	0.0	0.0
M2PB4-65 termite group	0.0	0.0	0.0	0.0	0.0	0.0	0.0	0.0	0.0	0.0	0.0	0.0	0.0	0.0	0.0	0.0	0.0	0.0	0.0	0.0
MA-28-I98C	0.0	0.0	0.0	1.0	0.0	0.0	0.0	0.0	0.0	0.0	0.0	0.0	4.0	0.0	0.0	0.0	0.0	0.0	0.0	0.0
MAT-CR-H6-H10	0.0	0.0	0.0	0.0	0.0	0.0	0.0	2.0	0.0	0.0	0.0	0.0	0.0	0.0	0.0	0.0	0.0	0.0	0.0	0.0
ML635J-40 aquatic group	0.0	0.0	0.0	0.0	0.0	0.0	0.0	0.0	0.0	0.0	0.0	0.0	0.0	0.0	0.0	0.0	0.0	0.0	0.0	0.0
MSB-3C8	0.0	0.0	0.0	0.0	0.0	0.0	0.0	0.0	0.0	0.0	0.0	0.0	0.0	0.0	0.0	0.0	0.0	0.0	0.0	0.0
Magnetococcaceae	0.0	0.0	0.0	0.0	0.0	0.0	0.0	8.0	0.0	2.0	0.0	0.0	1.0	0.0	1.0	0.0	0.0	0.0	0.0	0.0
Magnetospiraceae	0.0	0.0	0.0	0.0	0.0	0.0	0.0	0.0	0.0	0.0	0.0	0.0	3.0	0.0	0.0	0.0	0.0	0.0	0.0	0.0
Magnetospirillaceae	7.0	2.0	8.0	2.0	9.0	3.0	4.0	30.0	2.0	5.0	9.0	0.0	32.0	0.0	6.0	0.0	0.0	0.0	0.0	0.0
Marinifilaceae	1.0	0.0	0.0	1.0	0.0	2.0	0.0	0.0	0.0	1.0	0.0	0.0	0.0	0.0	0.0	0.0	0.0	0.0	0.0	0.0
Marinilabiliaceae	2.0	1.0	0.0	0.0	0.0	1.0	0.0	0.0	4.0	0.0	0.0	0.0	0.0	0.0	1.0	0.0	0.0	0.0	0.0	0.0
Methylococcaceae	0.0	0.0	0.0	0.0	0.0	0.0	0.0	1.0	0.0	0.0	0.0	0.0	4.0	0.0	1.0	0.0	0.0	0.0	0.0	0.0
Methyloligellaceae	2.0	6.0	11.0	41.0	39.0	10.0	9.0	45.0	3.0	12.0	18.0	15.0	114.0	9.0	8.0	6.0	0.0	0.0	0.0	10.0
Methylomirabilaceae	4.0	4.0	0.0	7.0	0.0	1.0	2.0	3.0	1.0	6.0	1.0	0.0	2.0	4.0	0.0	0.0	0.0	0.0	0.0	3.0
Methylomonaceae	0.0	1.0	0.0	0.0	0.0	0.0	2.0	1.0	0.0	1.0	3.0	0.0	6.0	2.0	0.0	0.0	0.0	0.0	0.0	0.0
Methylophilaceae	551.0	341.0	835.0	143.0	132.0	193.0	266.0	701.0	173.0	668.0	805.0	647.0	520.0	196.0	163.0	228.0	0.0	3.0	4.0	414.0
Methylopilaceae	0.0	0.0	0.0	0.0	7.0	0.0	0.0	0.0	0.0	0.0	0.0	0.0	0.0	0.0	0.0	0.0	0.0	0.0	0.0	0.0
Micavibrionaceae	3.0	2.0	0.0	3.0	9.0	4.0	0.0	17.0	5.0	0.0	0.0	0.0	13.0	1.0	2.0	0.0	0.0	0.0	0.0	0.0
Microbacteriaceae	79.0	1060.0	1592.0	183.0	1806.0	145.0	114.0	895.0	93.0	502.0	574.0	206.0	48.0	88.0	550.0	448.0	0.0	7.0	6.0	1146.0
Micrococcaceae	0.0	0.0	0.0	6.0	0.0	0.0	0.0	0.0	0.0	0.0	0.0	0.0	0.0	0.0	0.0	0.0	0.0	0.0	0.0	0.0
Microcystaceae	0.0	0.0	0.0	0.0	0.0	0.0	0.0	0.0	0.0	1.0	0.0	0.0	0.0	0.0	0.0	0.0	0.0	0.0	0.0	0.0
Micromonosporaceae	0.0	0.0	2.0	1.0	0.0	0.0	0.0	2.0	0.0	0.0	0.0	0.0	0.0	0.0	0.0	0.0	0.0	0.0	0.0	0.0
Micropepsaceae	0.0	2.0	0.0	10.0	19.0	5.0	9.0	10.0	5.0	6.0	6.0	0.0	57.0	11.0	11.0	18.0	0.0	0.0	0.0	0.0
Microscillaceae	1.0	6.0	6.0	2.0	2.0	6.0	8.0	61.0	30.0	5.0	6.0	11.0	6.0	27.0	2.0	0.0	0.0	0.0	0.0	0.0
Microtrichaceae	0.0	1.0	5.0	4.0	10.0	0.0	1.0	7.0	0.0	1.0	1.0	0.0	0.0	72.0	4.0	2.0	0.0	0.0	0.0	0.0
MidBa8	0.0	0.0	0.0	0.0	0.0	0.0	0.0	1.0	0.0	0.0	0.0	0.0	5.0	0.0	2.0	0.0	0.0	0.0	0.0	0.0
Midichloriaceae	0.0	1.0	0.0	0.0	0.0	0.0	0.0	1.0	8.0	1.0	0.0	0.0	6.0	3.0	2.0	0.0	0.0	0.0	0.0	0.0
Mitochondria	5.0	1.0	0.0	0.0	3.0	6.0	8.0	6.0	10.0	4.0	5.0	5.0	116.0	2.0	3.0	13.0	0.0	0.0	0.0	0.0
Moduliflexaceae	0.0	0.0	0.0	0.0	0.0	0.0	0.0	0.0	0.0	0.0	0.0	0.0	0.0	0.0	0.0	0.0	0.0	0.0	0.0	0.0
Moraxellaceae	44.0	64.0	95.0	44.0	33.0	8.0	43.0	54.0	18.0	7.0	7.0	12.0	626.0	53.0	8.0	13.0	1.0	1.0	0.0	0.0
Muribaculaceae	0.0	0.0	0.0	1.0	0.0	0.0	0.0	0.0	0.0	0.0	0.0	0.0	0.0	0.0	0.0	0.0	0.0	0.0	0.0	0.0
Mycobacteriaceae	0.0	0.0	0.0	0.0	0.0	0.0	0.0	0.0	0.0	0.0	0.0	0.0	0.0	0.0	1.0	0.0	0.0	0.0	0.0	0.0
Mycoplasmataceae	0.0	0.0	0.0	0.0	0.0	0.0	0.0	0.0	0.0	0.0	1.0	0.0	0.0	0.0	0.0	0.0	0.0	0.0	0.0	0.0
NS11-12 marine group	4925.0	2255.0	3772.0	2093.0	1638.0	6699.0	4093.0	3583.0	7891.0	10056.0	7098.0	1681.0	2407.0	2477.0	7892.0	6040.0	2.0	8.0	9.0	4136.0
NS9 marine group	13.0	1.0	0.0	4.0	19.0	14.0	5.0	31.0	14.0	74.0	17.0	7.0	2.0	18.0	31.0	36.0	0.0	0.0	0.0	6.0
Nannocystaceae	0.0	1.0	0.0	9.0	3.0	0.0	0.0	4.0	2.0	0.0	0.0	0.0	7.0	56.0	0.0	0.0	0.0	0.0	0.0	0.0
Neisseriaceae	5.0	3.0	1.0	11.0	4.0	15.0	19.0	3.0	28.0	6.0	1.0	0.0	108.0	17.0	10.0	30.0	0.0	0.0	0.0	0.0
Nitrosococcaceae	0.0	0.0	0.0	0.0	0.0	0.0	0.0	0.0	0.0	0.0	0.0	0.0	2.0	0.0	0.0	0.0	0.0	0.0	0.0	0.0
Nitrosomonadaceae	28.0	74.0	46.0	187.0	48.0	12.0	51.0	110.0	92.0	66.0	44.0	48.0	93.0	154.0	20.0	10.0	0.0	0.0	0.0	0.0
Nitrospiraceae	4.0	6.0	7.0	41.0	17.0	2.0	17.0	34.0	23.0	7.0	6.0	6.0	238.0	575.0	6.0	0.0	0.0	0.0	0.0	0.0
Nocardiaceae	0.0	0.0	0.0	1.0	0.0	0.0	0.0	0.0	0.0	0.0	0.0	0.0	0.0	2.0	0.0	0.0	0.0	0.0	0.0	0.0
Nocardioidaceae	0.0	4.0	3.0	4.0	7.0	0.0	0.0	0.0	0.0	0.0	0.0	0.0	0.0	10.0	0.0	0.0	0.0	0.0	0.0	0.0
Nostocaceae	0.0	0.0	22.0	0.0	0.0	0.0	0.0	0.0	0.0	0.0	0.0	0.0	0.0	3.0	0.0	0.0	0.0	0.0	0.0	0.0
Oleiphilaceae	0.0	0.0	0.0	0.0	0.0	0.0	0.0	0.0	0.0	0.0	0.0	0.0	0.0	0.0	0.0	0.0	0.0	0.0	0.0	0.0
Oligoflexaceae	10.0	6.0	8.0	7.0	22.0	14.0	14.0	28.0	15.0	23.0	8.0	3.0	220.0	2.0	2.0	7.0	0.0	0.0	0.0	0.0
Oligosphaeraceae	0.0	0.0	0.0	0.0	0.0	0.0	0.0	0.0	0.0	0.0	0.0	0.0	2.0	0.0	0.0	0.0	0.0	0.0	0.0	0.0
Omnitrophaceae	11.0	1.0	5.0	14.0	7.0	17.0	18.0	14.0	27.0	12.0	12.0	15.0	4.0	3.0	4.0	0.0	0.0	0.0	0.0	0.0
Opitutaceae	25.0	41.0	122.0	90.0	47.0	62.0	122.0	235.0	169.0	148.0	75.0	324.0	293.0	41.0	12.0	8.0	0.0	0.0	0.0	46.0
Orbaceae	0.0	0.0	0.0	0.0	0.0	0.0	0.0	2.0	0.0	0.0	0.0	0.0	0.0	0.0	0.0	0.0	0.0	0.0	0.0	0.0
P13-46	0.0	0.0	0.0	0.0	0.0	0.0	0.0	0.0	0.0	0.0	0.0	0.0	0.0	0.0	0.0	0.0	0.0	0.0	0.0	0.0
P3OB-42	0.0	0.0	0.0	2.0	6.0	0.0	1.0	5.0	4.0	1.0	1.0	4.0	43.0	21.0	0.0	0.0	0.0	0.0	0.0	0.0
P6-b51	0.0	0.0	0.0	0.0	0.0	0.0	0.0	3.0	0.0	0.0	0.0	0.0	0.0	0.0	0.0	0.0	0.0	0.0	0.0	0.0
PBS-18	0.0	0.0	0.0	0.0	0.0	0.0	0.0	0.0	1.0	0.0	0.0	0.0	0.0	0.0	0.0	0.0	0.0	0.0	0.0	0.0
PHOS-HE36	0.0	0.0	0.0	0.0	0.0	0.0	0.0	0.0	0.0	0.0	0.0	0.0	0.0	0.0	0.0	0.0	0.0	0.0	0.0	0.0
PRD18C08	0.0	0.0	0.0	0.0	0.0	0.0	0.0	0.0	0.0	1.0	0.0	0.0	9.0	0.0	0.0	0.0	0.0	0.0	0.0	0.0
Paenibacillaceae	3.0	6.0	2.0	7.0	13.0	0.0	2.0	45.0	0.0	14.0	3.0	8.0	0.0	3.0	1.0	0.0	0.0	0.0	0.0	43.0
Paludibacteraceae	3.0	0.0	0.0	6.0	3.0	5.0	0.0	1.0	2.0	2.0	1.0	0.0	5.0	5.0	1.0	0.0	0.0	0.0	0.0	0.0
Paracaedibacteraceae	35.0	22.0	9.0	55.0	47.0	43.0	105.0	84.0	111.0	24.0	49.0	9.0	117.0	35.0	25.0	14.0	0.0	0.0	0.0	0.0
Parvibaculaceae	0.0	0.0	0.0	0.0	0.0	0.0	0.0	0.0	0.0	0.0	0.0	0.0	0.0	0.0	0.0	0.0	0.0	0.0	0.0	0.0
Pasteurellaceae	0.0	0.0	0.0	3.0	0.0	1.0	0.0	0.0	0.0	0.0	0.0	0.0	2.0	1.0	0.0	0.0	0.0	1.0	0.0	0.0
Pedosphaeraceae	0.0	0.0	0.0	0.0	0.0	0.0	0.0	0.0	1.0	0.0	0.0	0.0	6.0	1.0	0.0	0.0	0.0	0.0	0.0	0.0
Peptococcaceae	2.0	0.0	0.0	4.0	0.0	0.0	0.0	10.0	0.0	8.0	4.0	0.0	0.0	1.0	0.0	0.0	0.0	0.0	0.0	0.0
Peptostreptococcaceae	15.0	28.0	43.0	31.0	179.0	14.0	13.0	154.0	9.0	81.0	76.0	81.0	7.0	181.0	78.0	107.0	0.0	1.0	0.0	752.0
Phaselicystidaceae	0.0	2.0	0.0	1.0	0.0	0.0	0.0	3.0	2.0	2.0	0.0	0.0	8.0	29.0	0.0	0.0	0.0	0.0	0.0	0.0
Phormidesmiaceae	0.0	0.0	0.0	0.0	0.0	0.0	0.0	0.0	0.0	0.0	0.0	0.0	0.0	0.0	0.0	0.0	0.0	0.0	0.0	0.0
Phormidiaceae	1.0	0.0	2.0	6.0	0.0	1.0	312.0	1.0	8.0	0.0	0.0	0.0	3.0	6.0	4.0	18.0	0.0	0.0	0.0	0.0
Phycisphaeraceae	1.0	1.0	0.0	4.0	6.0	0.0	5.0	8.0	4.0	6.0	3.0	4.0	27.0	7.0	3.0	0.0	0.0	0.0	0.0	0.0
Pirellulaceae	0.0	6.0	3.0	8.0	5.0	0.0	5.0	8.0	2.0	1.0	2.0	0.0	45.0	7.0	0.0	0.0	0.0	0.0	0.0	0.0
Piscirickettsiaceae	1.0	1.0	0.0	1.0	7.0	4.0	4.0	4.0	1.0	1.0	0.0	0.0	30.0	3.0	1.0	0.0	0.0	0.0	0.0	0.0
Planococcaceae	0.0	1.0	0.0	8.0	3.0	2.0	1.0	18.0	0.0	7.0	6.0	4.0	0.0	8.0	0.0	0.0	0.0	0.0	0.0	0.0
Pleomorphomonadaceae	0.0	1.0	3.0	4.0	4.0	0.0	0.0	11.0	0.0	2.0	2.0	0.0	5.0	6.0	4.0	0.0	0.0	0.0	0.0	0.0
Polyangiaceae	0.0	1.0	0.0	8.0	0.0	0.0	3.0	0.0	3.0	1.0	1.0	0.0	12.0	67.0	0.0	0.0	0.0	0.0	0.0	0.0
Porticoccaceae	0.0	0.0	0.0	0.0	0.0	0.0	0.0	0.0	0.0	0.0	0.0	0.0	48.0	0.0	0.0	0.0	0.0	0.0	0.0	0.0
Prevotellaceae	2.0	0.0	4.0	2.0	0.0	4.0	3.0	4.0	1.0	2.0	3.0	0.0	2.0	6.0	13.0	0.0	0.0	0.0	0.0	0.0
Prolixibacteraceae	13.0	3.0	3.0	1.0	5.0	6.0	11.0	12.0	24.0	13.0	8.0	0.0	8.0	8.0	5.0	0.0	0.0	0.0	0.0	0.0
Propionibacteriaceae	0.0	0.0	6.0	4.0	5.0	0.0	0.0	4.0	0.0	4.0	1.0	0.0	0.0	56.0	10.0	0.0	0.0	0.0	0.0	0.0
Pseudanabaenaceae	0.0	0.0	9.0	0.0	0.0	0.0	0.0	0.0	0.0	0.0	0.0	0.0	0.0	0.0	0.0	0.0	0.0	0.0	0.0	0.0
Pseudohongiellaceae	9.0	2.0	9.0	2.0	3.0	5.0	4.0	7.0	0.0	2.0	7.0	4.0	378.0	2.0	8.0	9.0	0.0	0.0	0.0	0.0
Pseudomonadaceae	121.0	31.0	91.0	123.0	7.0	23.0	80.0	26.0	26.0	2.0	12.0	7.0	2113.0	75.0	2.0	0.0	259.0	256.0	285.0	17.0
Pseudonocardiaceae	0.0	0.0	0.0	0.0	0.0	0.0	0.0	0.0	0.0	0.0	0.0	0.0	0.0	0.0	0.0	0.0	0.0	0.0	0.0	0.0
Puniceicoccaceae	4.0	5.0	7.0	22.0	1.0	9.0	44.0	17.0	42.0	4.0	8.0	35.0	48.0	4.0	3.0	0.0	0.0	0.0	0.0	25.0
Reyranellaceae	2.0	7.0	11.0	20.0	29.0	2.0	7.0	34.0	5.0	8.0	2.0	5.0	76.0	42.0	19.0	17.0	0.0	0.0	0.0	7.0
Rhizobiaceae	27.0	15.0	80.0	127.0	110.0	27.0	70.0	217.0	35.0	30.0	38.0	88.0	492.0	84.0	30.0	27.0	0.0	1.0	0.0	7.0
Rhizobiales Incertae Sedis	10.0	24.0	54.0	127.0	220.0	18.0	52.0	264.0	33.0	91.0	149.0	108.0	379.0	121.0	337.0	338.0	0.0	0.0	0.0	106.0
Rhodanobacteraceae	13.0	21.0	29.0	171.0	10.0	15.0	44.0	26.0	60.0	31.0	33.0	33.0	39.0	392.0	20.0	42.0	0.0	0.0	0.0	0.0
Rhodobacteraceae	170.0	250.0	1145.0	810.0	1271.0	186.0	603.0	1217.0	176.0	460.0	754.0	2406.0	2341.0	865.0	1074.0	1010.0	4.0	4.0	6.0	86.0
Rhodocyclaceae	228.0	280.0	285.0	601.0	166.0	140.0	284.0	313.0	477.0	232.0	175.0	158.0	1573.0	4727.0	141.0	272.0	0.0	0.0	3.0	184.0
Rhodomicrobiaceae	0.0	0.0	0.0	1.0	0.0	0.0	0.0	0.0	0.0	0.0	0.0	0.0	5.0	0.0	0.0	0.0	0.0	0.0	0.0	0.0
Rhodopirillaceae	0.0	0.0	0.0	2.0	0.0	0.0	0.0	3.0	0.0	0.0	0.0	3.0	4.0	1.0	0.0	0.0	0.0	0.0	0.0	0.0
Rhodospirillaceae	5.0	5.0	2.0	0.0	24.0	0.0	1.0	52.0	4.0	14.0	12.0	0.0	25.0	3.0	4.0	6.0	0.0	0.0	0.0	0.0
Rhodothermaceae	0.0	0.0	0.0	3.0	0.0	0.0	0.0	0.0	0.0	1.0	0.0	0.0	0.0	2.0	4.0	0.0	0.0	0.0	0.0	0.0
Rickettsiaceae	4.0	1.0	0.0	0.0	4.0	1.0	9.0	9.0	8.0	1.0	7.0	3.0	70.0	10.0	11.0	18.0	0.0	0.0	0.0	0.0
Rikenellaceae	12.0	6.0	6.0	13.0	14.0	29.0	13.0	11.0	13.0	4.0	4.0	0.0	5.0	21.0	20.0	9.0	0.0	0.0	0.0	0.0
Roseiflexaceae	0.0	0.0	0.0	0.0	2.0	0.0	0.0	0.0	0.0	0.0	2.0	0.0	0.0	8.0	0.0	0.0	0.0	0.0	0.0	0.0
Rubinisphaeraceae	0.0	2.0	1.0	12.0	1.0	0.0	10.0	6.0	3.0	0.0	1.0	2.0	16.0	2.0	0.0	0.0	0.0	0.0	0.0	0.0
Rubritaleaceae	0.0	0.0	0.0	2.0	0.0	0.0	0.0	1.0	0.0	0.0	1.0	0.0	4.0	8.0	0.0	0.0	0.0	0.0	0.0	0.0
Rubrobacteriaceae	0.0	0.0	0.0	1.0	0.0	0.0	0.0	0.0	0.0	0.0	0.0	0.0	0.0	0.0	0.0	0.0	0.0	0.0	0.0	0.0
Ruminococcaceae	147.0	17.0	35.0	274.0	39.0	90.0	81.0	80.0	69.0	54.0	44.0	9.0	146.0	203.0	58.0	43.0	0.0	0.0	0.0	146.0
S15A-MN91	0.0	0.0	0.0	0.0	0.0	0.0	0.0	0.0	0.0	1.0	0.0	0.0	0.0	0.0	0.0	0.0	0.0	0.0	0.0	0.0
S25-593	0.0	0.0	0.0	0.0	0.0	0.0	0.0	0.0	0.0	0.0	0.0	0.0	0.0	0.0	0.0	0.0	0.0	0.0	0.0	0.0
SB-5	0.0	0.0	0.0	1.0	0.0	1.0	7.0	0.0	12.0	1.0	3.0	0.0	6.0	5.0	0.0	0.0	0.0	0.0	0.0	0.0
SC-I-84	11.0	82.0	107.0	356.0	83.0	9.0	30.0	149.0	68.0	91.0	95.0	92.0	47.0	87.0	11.0	32.0	0.0	0.0	0.0	23.0
SG8-4	0.0	0.0	0.0	0.0	0.0	0.0	0.0	0.0	0.0	0.0	0.0	0.0	1.0	0.0	0.0	0.0	0.0	0.0	0.0	0.0
SM2D12	10.0	4.0	8.0	11.0	19.0	21.0	19.0	10.0	19.0	4.0	6.0	0.0	97.0	15.0	20.0	6.0	0.0	0.0	0.0	0.0
SS1-B-06-26	0.0	1.0	0.0	0.0	0.0	0.0	0.0	0.0	0.0	0.0	0.0	0.0	3.0	0.0	0.0	0.0	0.0	0.0	0.0	0.0
ST-12K33	0.0	0.0	0.0	0.0	0.0	0.0	0.0	0.0	0.0	0.0	0.0	0.0	0.0	0.0	0.0	0.0	0.0	0.0	0.0	0.0
Saccharimonadaceae	0.0	1.0	0.0	0.0	0.0	0.0	0.0	0.0	0.0	0.0	0.0	0.0	0.0	0.0	0.0	0.0	0.0	0.0	0.0	0.0
Saccharospirillaceae	0.0	0.0	0.0	0.0	0.0	0.0	0.0	0.0	0.0	0.0	0.0	0.0	5.0	0.0	0.0	0.0	0.0	0.0	0.0	0.0
Sandaracinaceae	2.0	10.0	3.0	21.0	6.0	3.0	4.0	29.0	13.0	9.0	5.0	7.0	172.0	16.0	0.0	0.0	0.0	0.0	0.0	0.0
Sanguibacteraceae	0.0	0.0	0.0	0.0	0.0	0.0	0.0	0.0	0.0	0.0	0.0	0.0	0.0	0.0	0.0	0.0	0.0	0.0	0.0	0.0
Saprospiraceae	54.0	8.0	11.0	28.0	17.0	33.0	44.0	23.0	102.0	23.0	44.0	37.0	38.0	903.0	19.0	10.0	0.0	0.0	0.0	24.0
Schlesneriaceae	0.0	0.0	0.0	1.0	0.0	0.0	0.0	1.0	0.0	0.0	0.0	0.0	3.0	0.0	0.0	0.0	0.0	0.0	0.0	0.0
Sedimenticolaceae	0.0	0.0	0.0	0.0	0.0	0.0	0.0	0.0	0.0	0.0	0.0	0.0	1.0	0.0	0.0	0.0	0.0	0.0	0.0	0.0
Shewanellaceae	0.0	0.0	0.0	0.0	0.0	0.0	0.0	1.0	0.0	0.0	0.0	0.0	0.0	0.0	0.0	0.0	0.0	0.0	0.0	0.0
Sneathiellaceae	0.0	0.0	0.0	1.0	4.0	0.0	0.0	2.0	0.0	0.0	1.0	0.0	2.0	0.0	3.0	0.0	0.0	0.0	0.0	0.0
Solibacteraceae (Subgroup 3)	0.0	2.0	0.0	1.0	0.0	0.0	1.0	12.0	5.0	0.0	1.0	0.0	0.0	18.0	3.0	0.0	0.0	0.0	0.0	0.0
Solimonadaceae	5.0	7.0	8.0	5.0	6.0	0.0	2.0	1.0	2.0	4.0	1.0	0.0	42.0	4.0	2.0	0.0	0.0	0.0	0.0	0.0
Solirubrobacteraceae	0.0	2.0	0.0	0.0	0.0	2.0	0.0	1.0	0.0	2.0	3.0	0.0	0.0	3.0	4.0	0.0	0.0	0.0	0.0	0.0
Sphingobacteriaceae	36.0	16.0	3.0	21.0	45.0	23.0	19.0	16.0	39.0	13.0	6.0	3.0	6.0	27.0	11.0	24.0	0.0	0.0	0.0	19.0
Sphingomonadaceae	278.0	348.0	803.0	954.0	1445.0	330.0	616.0	724.0	516.0	373.0	651.0	911.0	4719.0	624.0	1958.0	1636.0	1.0	1.0	7.0	368.0
Spirochaetaceae	2.0	6.0	1.0	3.0	0.0	0.0	3.0	6.0	4.0	5.0	1.0	0.0	4.0	2.0	1.0	0.0	0.0	0.0	0.0	0.0
Spirosomaceae	8194.0	15323.0	8359.0	1384.0	13626.0	9694.0	5779.0	5069.0	4487.0	4753.0	4494.0	1081.0	2178.0	2552.0	10316.0	7578.0	5.0	5.0	12.0	13147.0
Spongiibacteraceae	13.0	23.0	16.0	11.0	5.0	5.0	28.0	22.0	6.0	5.0	3.0	8.0	330.0	17.0	1.0	2.0	0.0	0.0	0.0	298.0
Sporichthyaceae	81.0	201.0	340.0	77.0	720.0	96.0	81.0	352.0	92.0	214.0	264.0	76.0	32.0	62.0	1411.0	1464.0	0.0	1.0	0.0	106.0
Staphylococcaceae	0.0	5.0	4.0	3.0	1.0	3.0	0.0	0.0	2.0	0.0	7.0	11.0	1.0	0.0	3.0	10.0	3535.0	3451.0	3796.0	0.0
Steroidobacteraceae	3.0	24.0	37.0	51.0	21.0	6.0	19.0	30.0	22.0	15.0	18.0	28.0	19.0	24.0	21.0	10.0	0.0	0.0	0.0	398.0
Streptococcaceae	4.0	2.0	3.0	3.0	5.0	2.0	2.0	4.0	0.0	6.0	2.0	0.0	2.0	24.0	3.0	0.0	0.0	0.0	0.0	0.0
Streptomycetaceae	0.0	0.0	2.0	0.0	3.0	0.0	0.0	1.0	0.0	0.0	0.0	0.0	0.0	0.0	0.0	0.0	0.0	0.0	0.0	0.0
Succinivibrionaceae	0.0	0.0	0.0	1.0	0.0	0.0	0.0	0.0	0.0	0.0	0.0	0.0	1.0	1.0	0.0	0.0	0.0	0.0	0.0	0.0
Sulfuricellaceae	23.0	9.0	0.0	40.0	2.0	6.0	16.0	19.0	25.0	9.0	5.0	0.0	27.0	8.0	0.0	0.0	0.0	0.0	0.0	0.0
Sulfurospirillaceae	97.0	31.0	46.0	55.0	71.0	119.0	101.0	81.0	101.0	27.0	26.0	2.0	61.0	163.0	89.0	59.0	0.0	0.0	0.0	71.0
Sulfurovaceae	0.0	1.0	0.0	1.0	3.0	2.0	0.0	3.0	2.0	1.0	1.0	0.0	0.0	0.0	0.0	0.0	0.0	0.0	0.0	0.0
Synechococcales Incertae Sedis	0.0	0.0	0.0	0.0	0.0	0.0	0.0	0.0	0.0	0.0	0.0	0.0	0.0	0.0	2.0	0.0	0.0	0.0	0.0	0.0
Syntrophaceae	6.0	3.0	0.0	33.0	8.0	4.0	24.0	23.0	28.0	15.0	15.0	11.0	171.0	21.0	1.0	0.0	0.0	0.0	0.0	0.0
Syntrophobacteraceae	0.0	1.0	0.0	3.0	0.0	0.0	4.0	3.0	2.0	2.0	0.0	1.0	31.0	6.0	0.0	0.0	0.0	0.0	0.0	0.0
Syntrophorhabdaceae	0.0	0.0	0.0	8.0	0.0	0.0	1.0	7.0	4.0	2.0	1.0	0.0	25.0	4.0	0.0	0.0	0.0	0.0	0.0	0.0
T34	4.0	0.0	2.0	7.0	0.0	0.0	4.0	0.0	0.0	0.0	0.0	0.0	1.0	6.0	0.0	0.0	0.0	0.0	0.0	0.0
TC1	0.0	0.0	0.0	0.0	0.0	0.0	0.0	0.0	0.0	0.0	0.0	0.0	0.0	1.0	0.0	0.0	0.0	0.0	0.0	0.0
TRA3-20	10.0	6.0	15.0	35.0	7.0	5.0	13.0	33.0	42.0	16.0	16.0	18.0	13.0	15.0	5.0	0.0	0.0	0.0	0.0	0.0
TSAC18	0.0	0.0	0.0	0.0	0.0	0.0	0.0	0.0	0.0	0.0	0.0	0.0	0.0	0.0	0.0	0.0	0.0	0.0	0.0	0.0
Tannerellaceae	2.0	0.0	0.0	0.0	0.0	5.0	3.0	0.0	2.0	0.0	0.0	0.0	2.0	2.0	2.0	0.0	0.0	0.0	0.0	0.0
Tepidisphaeraceae	0.0	0.0	0.0	0.0	0.0	0.0	0.0	0.0	0.0	1.0	0.0	0.0	4.0	1.0	0.0	0.0	0.0	0.0	0.0	0.0
Terasakiellaceae	0.0	0.0	0.0	0.0	0.0	0.0	0.0	0.0	0.0	0.0	0.0	0.0	5.0	0.0	0.0	0.0	0.0	0.0	0.0	0.0
Thermoactinomycetaceae	0.0	0.0	0.0	0.0	0.0	0.0	0.0	0.0	0.0	0.0	0.0	0.0	0.0	0.0	0.0	0.0	0.0	0.0	0.0	0.0
Thermoanaerobaculaceae	0.0	0.0	0.0	10.0	1.0	0.0	2.0	1.0	0.0	4.0	4.0	0.0	5.0	4.0	0.0	0.0	0.0	0.0	0.0	19.0
Thioalkalispiraceae	0.0	0.0	0.0	0.0	0.0	0.0	0.0	0.0	0.0	0.0	0.0	0.0	3.0	0.0	0.0	0.0	0.0	0.0	0.0	0.0
Thiotrichaceae	2.0	2.0	13.0	10.0	1.0	3.0	5.0	0.0	0.0	1.0	1.0	0.0	52.0	28.0	2.0	0.0	0.0	0.0	0.0	0.0
Thiovulaceae	621.0	87.0	73.0	253.0	188.0	554.0	682.0	422.0	787.0	152.0	125.0	22.0	294.0	399.0	89.0	59.0	2.0	0.0	0.0	0.0
Trueperaceae	0.0	0.0	0.0	0.0	0.0	0.0	0.0	5.0	0.0	1.0	0.0	0.0	0.0	0.0	0.0	0.0	0.0	0.0	0.0	0.0
UASB-TL25	0.0	0.0	0.0	0.0	0.0	0.0	0.0	3.0	0.0	3.0	0.0	0.0	6.0	0.0	0.0	0.0	0.0	0.0	0.0	0.0
UBA12409	0.0	0.0	0.0	0.0	0.0	1.0	0.0	0.0	1.0	0.0	1.0	0.0	0.0	0.0	1.0	0.0	0.0	0.0	0.0	0.0
UBA12411	0.0	0.0	0.0	0.0	0.0	0.0	0.0	0.0	0.0	0.0	0.0	0.0	1.0	0.0	0.0	0.0	0.0	0.0	0.0	0.0
VHS-B3-70	0.0	0.0	0.0	1.0	0.0	0.0	0.0	3.0	0.0	0.0	0.0	0.0	1.0	0.0	0.0	0.0	0.0	0.0	0.0	51.0
VHS-B4-70	0.0	0.0	0.0	0.0	0.0	0.0	0.0	0.0	0.0	0.0	0.0	0.0	6.0	0.0	0.0	0.0	0.0	0.0	0.0	0.0
Veillonellaceae	12.0	6.0	10.0	19.0	8.0	7.0	2.0	19.0	22.0	22.0	17.0	6.0	9.0	29.0	9.0	10.0	0.0	0.0	0.0	0.0
Vermiphilaceae	1.0	5.0	0.0	2.0	3.0	1.0	5.0	7.0	3.0	10.0	6.0	7.0	3.0	2.0	1.0	0.0	0.0	0.0	0.0	0.0
Verrucomicrobiaceae	0.0	0.0	0.0	0.0	0.0	0.0	0.0	0.0	0.0	0.0	0.0	0.0	4.0	3.0	0.0	0.0	0.0	0.0	0.0	0.0
Vibrionaceae	0.0	2.0	0.0	0.0	0.0	0.0	0.0	0.0	0.0	0.0	0.0	0.0	0.0	0.0	0.0	0.0	2.0	2.0	2.0	0.0
Victivallaceae	0.0	0.0	0.0	0.0	0.0	0.0	0.0	0.0	0.0	0.0	0.0	0.0	11.0	0.0	7.0	8.0	0.0	0.0	0.0	0.0
Vulgatibacteraceae	0.0	0.0	0.0	0.0	0.0	0.0	0.0	0.0	0.0	0.0	0.0	0.0	4.0	0.0	0.0	0.0	0.0	0.0	0.0	0.0
WD2101 soil group	0.0	2.0	0.0	5.0	2.0	0.0	7.0	2.0	0.0	2.0	2.0	0.0	24.0	2.0	2.0	5.0	0.0	0.0	0.0	0.0
Weeksellaceae	2.0	1.0	0.0	0.0	0.0	2.0	0.0	3.0	3.0	2.0	0.0	0.0	0.0	2.0	3.0	0.0	0.0	0.0	0.0	0.0
Woeseiaceae	0.0	3.0	0.0	5.0	0.0	0.0	3.0	1.0	6.0	4.0	1.0	0.0	7.0	0.0	0.0	0.0	0.0	0.0	0.0	0.0
Wohlfahrtiimonadaceae	4.0	0.0	0.0	0.0	0.0	0.0	4.0	1.0	1.0	0.0	1.0	0.0	12.0	0.0	0.0	0.0	0.0	0.0	0.0	0.0
Xanthobacteraceae	12.0	28.0	20.0	112.0	119.0	22.0	37.0	79.0	31.0	22.0	27.0	35.0	296.0	103.0	34.0	36.0	0.0	0.0	0.0	1741.0
Xanthomonadaceae	100.0	157.0	105.0	576.0	105.0	84.0	190.0	241.0	271.0	126.0	176.0	180.0	151.0	287.0	76.0	79.0	0.0	0.0	1.0	102.0
Xenococcaceae	0.0	1.0	0.0	0.0	0.0	0.0	0.0	8.0	0.0	1.0	1.0	0.0	0.0	0.0	1.0	0.0	0.0	0.0	0.0	0.0
bac2nit3	0.0	0.0	0.0	0.0	2.0	1.0	0.0	1.0	0.0	3.0	0.0	0.0	7.0	0.0	0.0	0.0	0.0	0.0	0.0	0.0
bacteriap25	0.0	2.0	0.0	11.0	3.0	0.0	4.0	16.0	2.0	0.0	1.0	8.0	23.0	2.0	2.0	0.0	0.0	0.0	0.0	0.0
env.OPS 17	10.0	2.0	2.0	3.0	0.0	12.0	3.0	0.0	14.0	2.0	2.0	1.0	4.0	10.0	11.0	7.0	0.0	0.0	0.0	0.0
mle1-27	0.0	0.0	0.0	0.0	0.0	0.0	1.0	1.0	0.0	1.0	0.0	0.0	8.0	23.0	0.0	0.0	0.0	0.0	0.0	0.0
vadinBE97	0.0	0.0	0.0	1.0	0.0	0.0	0.0	0.0	0.0	0.0	0.0	0.0	4.0	0.0	0.0	0.0	0.0	0.0	0.0	0.0
